generation,age_in_income_year,n_unweighted,n_weighted,median_real,mean_real,p25_real,p75_real,birth_year_min,birth_year_max,birth_years_observed,income_year_min,income_year_max,generation_birth_years,coverage_share,fully_covered,meets_min_records
Boomer (1946-1964),16,29201,40798330.79780036,2993.0196910741656,4709.376416566442,1231.92429022082,6142.9758399548255,1946,1964,19,1962,1980,19,1,TRUE,TRUE
Boomer (1946-1964),17,35000,51454472.347300485,5418.713037551121,8141.0616304589375,2368.3336443366297,11087.31861198738,1946,1964,19,1963,1981,19,1,TRUE,TRUE
Boomer (1946-1964),18,37239,54090184.04489911,9071.51504321994,12862.605574315177,4031.5921363780753,18731.411428781805,1946,1964,19,1964,1982,19,1,TRUE,TRUE
Boomer (1946-1964),19,37943,56257954.09699946,12935.513042783941,16579.350303125186,5386.16527171991,24815.21010248146,1946,1964,19,1965,1983,19,1,TRUE,TRUE
Boomer (1946-1964),20,38406,57094831.488498785,16314.894164024337,19606.589289442316,6721.33665201504,28894.84468278863,1946,1964,19,1966,1984,19,1,TRUE,TRUE
Boomer (1946-1964),21,38964,58002525.05999917,20360.83384037023,22779.153497554405,8816.95938724617,32844.64316521939,1946,1964,19,1967,1985,19,1,TRUE,TRUE
Boomer (1946-1964),22,39599,59255616.859998584,25250.866135320906,27015.44855159739,12189.848339326796,38374.236325455044,1946,1964,19,1968,1986,19,1,TRUE,TRUE
Boomer (1946-1964),23,39387,59018515.359998815,28633.723390965377,30444.510195889932,14422.067345933867,42634.896187332386,1946,1964,19,1969,1987,19,1,TRUE,TRUE
Boomer (1946-1964),24,39756,59610418.05999877,32914.67842323652,35066.49807533679,18003.568538048774,48073.557819779555,1946,1964,19,1970,1988,19,1,TRUE,TRUE
Boomer (1946-1964),25,39702,59367324.51999888,34699.444090039186,37130.79829619042,19372.750035852965,50984.80866100217,1946,1964,19,1971,1989,19,1,TRUE,TRUE
Boomer (1946-1964),26,39643,59331281.38000027,36115.01579261873,39266.4167272942,20171.150146382268,54257.69317583197,1946,1964,19,1972,1990,19,1,TRUE,TRUE
Boomer (1946-1964),27,39383,58936702.36999964,37703.484398382876,40740.26224943899,20687.219249875012,56694.01102096316,1946,1964,19,1973,1991,19,1,TRUE,TRUE
Boomer (1946-1964),28,39361,59132216.16999906,39590.80983803239,42938.96668622421,21572.983779583647,58989.05495306661,1946,1964,19,1974,1992,19,1,TRUE,TRUE
Boomer (1946-1964),29,40213,61390467.289999075,40331.065562592354,44297.214779264206,21669.009475571238,60851.58067243052,1946,1964,19,1975,1993,19,1,TRUE,TRUE
Boomer (1946-1964),30,39204,60175252.30999934,41004.6,45505.043190670556,22294.429109159348,62458.99936207053,1946,1964,19,1976,1994,19,1,TRUE,TRUE
Boomer (1946-1964),31,38830,60515519.95999971,41776.322614107885,46897.483512743514,22600.26872146858,63689.90760693095,1946,1964,19,1977,1995,19,1,TRUE,TRUE
Boomer (1946-1964),32,37942,60092338.17999962,42125.44173060778,47941.616755403535,22848.755848554218,65007.02842671371,1946,1964,19,1978,1996,19,1,TRUE,TRUE
Boomer (1946-1964),33,37866,61079248.75999963,43266.2020378016,49588.88098537793,23214.122897986716,66943.42721943428,1946,1964,19,1979,1997,19,1,TRUE,TRUE
Boomer (1946-1964),34,37608,62485432.35000009,44603.40889123177,51860.86131538175,23938.512318755158,69584.01426527204,1946,1964,19,1980,1998,19,1,TRUE,TRUE
Boomer (1946-1964),35,36205,61619111.81999963,46023.10921373354,54306.07497075064,24678.351689559862,71861.04765809563,1946,1964,19,1981,1999,19,1,TRUE,TRUE
Boomer (1946-1964),36,36510,61081125.60999997,46989.79759347548,55646.91491821249,25474.543818897593,73006.96906797106,1946,1964,19,1982,2000,19,1,TRUE,TRUE
Boomer (1946-1964),37,37506,61755540.6399997,47816.73372816734,57624.96706963535,26201.82084683829,74339.01481871962,1946,1964,19,1983,2001,19,1,TRUE,TRUE
Boomer (1946-1964),38,38285,61845312.2999991,48815,59561.31401239515,26617.87104638817,76506.77396506774,1946,1964,19,1984,2002,19,1,TRUE,TRUE
Boomer (1946-1964),39,40083,63462319.680000044,50031.141595711124,61617.128155456725,27536.980284269117,78210.28577297353,1946,1964,19,1985,2003,19,1,TRUE,TRUE
Boomer (1946-1964),40,39456,61878025.780000284,50510.80956171206,63253.54197164424,28203.83050235413,79793.99591344893,1946,1964,19,1986,2004,19,1,TRUE,TRUE
Boomer (1946-1964),41,39812,61937873.87000024,51577.71396060794,63834.324269067925,28652.930865050064,81063.24581304278,1946,1964,19,1987,2005,19,1,TRUE,TRUE
Boomer (1946-1964),42,40265,62002245.680000156,52450.51214688431,66342.11046352619,29565.372059899317,82530.45388205713,1946,1964,19,1988,2006,19,1,TRUE,TRUE
Boomer (1946-1964),43,40419,61910640.72999974,53652.683641692616,67575.69422121547,30338.397386523597,83180.84701996304,1946,1964,19,1989,2007,19,1,TRUE,TRUE
Boomer (1946-1964),44,41044,62154429.42999968,54033.632923368015,68558.11547515153,30675.490690818304,84611.49150706238,1946,1964,19,1990,2008,19,1,TRUE,TRUE
Boomer (1946-1964),45,40505,61127923.889999814,54079.423920916954,70168.88850483514,30958.238118468686,85639.38777116766,1946,1964,19,1991,2009,19,1,TRUE,TRUE
Boomer (1946-1964),46,39828,60230876.430000104,54619.28213406317,70258.18898488478,31180.237285401956,85674.83420180008,1946,1964,19,1992,2010,19,1,TRUE,TRUE
Boomer (1946-1964),47,39333,59858570.91999974,55634.3711568668,72970.66594715028,31844.953803465476,88894.17482005086,1946,1964,19,1993,2011,19,1,TRUE,TRUE
Boomer (1946-1964),48,38757,59566117.31000042,56088.11896502199,73551.0232585671,32438.568195596818,88894.17482005086,1946,1964,19,1994,2012,19,1,TRUE,TRUE
Boomer (1946-1964),49,37489,60544095.04000021,56088.11896502199,74134.31284607222,32447.654352550173,89615.95244819882,1946,1964,19,1995,2013,19,1,TRUE,TRUE
Boomer (1946-1964),50,36024,58055228.890000224,56407.66100470826,75775.51334474345,33127.394786022276,90858.45255002483,1946,1964,19,1996,2014,19,1,TRUE,TRUE
Boomer (1946-1964),51,34347,55881366.06999968,57092.92518077844,75332.90974403483,33272.338807985216,91245.33340180245,1946,1964,19,1997,2015,19,1,TRUE,TRUE
Boomer (1946-1964),52,33433,55485723.16999969,57490.98531134072,77254.99761177863,33775.30240424007,92215.69143272327,1946,1964,19,1998,2016,19,1,TRUE,TRUE
Boomer (1946-1964),53,32608,55001418.98999968,57242.179045006684,76980.80518276239,33564.37895360399,92977.1682064222,1946,1964,19,1999,2017,19,1,TRUE,TRUE
Boomer (1946-1964),54,31680,54492893.969999775,57305.86173010013,78082.68707834887,33272.338807985216,93980.26107009118,1946,1964,19,2000,2018,19,1,TRUE,TRUE
Boomer (1946-1964),55,29737,52804353.92999985,57798.9126,77715.468782085,33127.394786022276,92871.29248153737,1946,1964,19,2001,2019,19,1,TRUE,TRUE
Boomer (1946-1964),56,27998,51553925.31749982,58226.59291397412,78227.27854793183,33272.338807985216,94090.54684362806,1946,1964,19,2002,2020,19,1,TRUE,TRUE
Boomer (1946-1964),57,26408,49732346.26840031,57892.88962677502,78000.25076463612,33542.093543707335,93980.26107009118,1946,1964,19,2003,2021,19,1,TRUE,TRUE
Boomer (1946-1964),58,24550,48029968.64590016,57092.92518077844,78185.94002972083,32670.32876514863,92776.00341876497,1946,1964,19,2004,2022,19,1,TRUE,TRUE
Boomer (1946-1964),59,23307,46773127.81390015,56845.71920757968,78122.04192299249,32648.38064575018,93279.81224337805,1946,1964,19,2005,2023,19,1,TRUE,TRUE
Boomer (1946-1964),60,21437,44023703.3747002,56845.71920757968,78209.6732669741,32283.738960563263,93980.26107009118,1946,1964,19,2006,2024,19,1,TRUE,TRUE
Boomer (1946-1964),61,18529,38606609.27240022,55967.88734602683,77465.71454529853,30789.141720440544,92756.70540086238,1946,1963,18,2007,2024,19,0.9473684210526315,FALSE,TRUE
Boomer (1946-1964),62,15705,33192237.42489967,54659.34539190354,76568.98777618835,28736.532272411172,92367.42516132163,1946,1962,17,2008,2024,19,0.8947368421052632,FALSE,TRUE
Boomer (1946-1964),63,13092,28144838.442199916,53703.006325766386,77255.14326540017,27329.67269595177,92036.26982651178,1946,1961,16,2009,2024,19,0.8421052631578947,FALSE,TRUE
Boomer (1946-1964),64,10770,22775949.70589996,52244.141430574906,74449.17581333531,24222.992092008197,89641.3264427218,1946,1960,15,2010,2024,19,0.7894736842105263,FALSE,TRUE
Boomer (1946-1964),65,8426,18152070.214499995,48445.98418401639,69962.83719171614,22116.644953572704,87061.15809381951,1946,1959,14,2011,2024,19,0.7368421052631579,FALSE,TRUE
Boomer (1946-1964),66,6784,15020611.427400019,46064.059540886876,71233.72808184719,19830.995743339765,84787.45927501823,1946,1958,13,2012,2024,19,0.6842105263157895,FALSE,TRUE
Boomer (1946-1964),67,5258,11793839.597100038,43822.20900830979,69317.4376721185,18469.25187387931,84165.24209905868,1946,1957,12,2013,2024,19,0.631578947368421,FALSE,TRUE
Boomer (1946-1964),68,4450,9596914.368399983,42308.16762242219,65995.79135697776,18189.14451684406,82056.88434967284,1946,1956,11,2014,2024,19,0.5789473684210527,FALSE,TRUE
Boomer (1946-1964),69,3629,7606268.435599989,38261.54177433247,67032.70542880778,16168.500788852196,77480.97350535184,1946,1955,10,2015,2024,19,0.5263157894736842,FALSE,TRUE
Boomer (1946-1964),70,2663,5584693.496200005,38075.700000000004,66097.14860030443,15964.199230277121,76545.99714742364,1946,1954,9,2016,2024,19,0.47368421052631576,FALSE,TRUE
Gen X (1965-1980),16,20744,31562205.530000053,2973.5605927487845,4566.391076042765,1338.446146226964,5947.121185497569,1965,1980,16,1981,1996,16,1,TRUE,TRUE
Gen X (1965-1980),17,23512,38614845.440000154,4972.940307729403,7556.5116009546155,2279.359352396206,9448.037937057221,1965,1980,16,1982,1997,16,1,TRUE,TRUE
Gen X (1965-1980),18,24710,44179296.849999905,8096.536954342477,11712.932160618271,3797.847510373444,15697.769709543569,1965,1980,16,1983,1998,16,1,TRUE,TRUE
Gen X (1965-1980),19,24939,45456799.03999994,11405.511855047202,15372.651212844165,5235.362853745403,21513.559111440652,1965,1980,16,1984,1999,16,1,TRUE,TRUE
Gen X (1965-1980),20,25761,46599581.71000038,14867.802963743921,18657.53208060949,6649.499659454078,26440.456800878754,1965,1980,16,1985,2000,16,1,TRUE,TRUE
Gen X (1965-1980),21,26278,47434034.79000001,18491.128953928837,22016.32023672497,8480.06258197078,30727.65705948165,1965,1980,16,1986,2001,16,1,TRUE,TRUE
Gen X (1965-1980),22,27179,49092402.2900001,23249.496244733466,26810.350252046865,11579.122911955694,36812.17482435166,1965,1980,16,1987,2002,16,1,TRUE,TRUE
Gen X (1965-1980),23,28107,50573022.77000015,27699.476211261455,31444.44544986259,14985.860613395518,42363.90479369399,1965,1980,16,1988,2003,16,1,TRUE,TRUE
Gen X (1965-1980),24,28327,50400829.56999974,32698.44953832389,37348.87471030188,18769.919196167273,48881.42860810845,1965,1980,16,1989,2004,16,1,TRUE,TRUE
Gen X (1965-1980),25,28827,50782870.290000185,35591.418956814356,40449.830007508885,20545.69883769871,53186.29250177015,1965,1980,16,1990,2005,16,1,TRUE,TRUE
Gen X (1965-1980),26,29278,50188084.40999987,38765.72999389126,44298.78475936728,22735.937715309356,57229.52921780546,1965,1980,16,1991,2006,16,1,TRUE,TRUE
Gen X (1965-1980),27,30013,51127064.0800002,41004.6,46866.675442357,23447.342593554793,60238.382041474615,1965,1980,16,1992,2007,16,1,TRUE,TRUE
Gen X (1965-1980),28,30900,52014707.85000008,43084.349263512115,49901.1044797309,25281.997822102996,64050.18503981159,1965,1980,16,1993,2008,16,1,TRUE,TRUE
Gen X (1965-1980),29,32857,52807139.03000003,44517.920002004335,52809.767424089194,25788.85698030397,67051.02814879033,1965,1980,16,1994,2009,16,1,TRUE,TRUE
Gen X (1965-1980),30,33043,51500691.499999985,46272.69814614314,55457.57081802969,26826.341820846308,70110.14870627748,1965,1980,16,1995,2010,16,1,TRUE,TRUE
Gen X (1965-1980),31,33710,50558186.52999979,48098.15253434391,58848.271395395466,27453.072532975475,73360.40345071745,1965,1980,16,1996,2011,16,1,TRUE,TRUE
Gen X (1965-1980),32,34748,50609596.94000009,48671.48152882526,60363.196565946935,27838.410996339313,75153.36333491236,1965,1980,16,1997,2012,16,1,TRUE,TRUE
Gen X (1965-1980),33,34297,50987124.20000011,49077.10409439424,61368.17503163642,28203.83050235413,76585.75061419766,1965,1980,16,1998,2013,16,1,TRUE,TRUE
Gen X (1965-1980),34,35864,52375109.54000058,51577.71396060794,66530.36473906256,29654.733355585795,81165.63240170536,1965,1980,16,1999,2014,16,1,TRUE,TRUE
Gen X (1965-1980),35,36394,50902048.97999981,52249.679982262336,67985.06472034962,30061.345333964942,83075.52076985044,1965,1980,16,2000,2015,16,1,TRUE,TRUE
Gen X (1965-1980),36,35755,50641809.41999999,54088.97195806495,71074.1229900934,31401.108849428143,86131.22644365793,1965,1980,16,2001,2016,16,1,TRUE,TRUE
Gen X (1965-1980),37,35478,51267457.17000036,54238.27892173952,71613.36607302215,31306.138809237505,87267.38527937037,1965,1980,16,2002,2017,16,1,TRUE,TRUE
Gen X (1965-1980),38,34801,50579041.82999992,54704.107581569755,73629.87462016683,31729.75,89615.95244819882,1965,1980,16,2003,2018,16,1,TRUE,TRUE
Gen X (1965-1980),39,35132,52460124.77230008,55045.581483910544,74009.90157570272,31729.75,91143.19331816073,1965,1980,16,2004,2019,16,1,TRUE,TRUE
Gen X (1965-1980),40,33582,51205637.86330053,57092.92518077844,76271.52796699468,32670.32876514863,92516.93394639452,1965,1980,16,2005,2020,16,1,TRUE,TRUE
Gen X (1965-1980),41,32147,50778392.80119966,57394.587816935426,78138.35958576271,33106.42552821493,93279.81224337805,1965,1980,16,2006,2021,16,1,TRUE,TRUE
Gen X (1965-1980),42,30943,50485303.635700166,58347.36555036973,79612.27617282365,34190.0672384811,95254.82928631635,1965,1980,16,2007,2022,16,1,TRUE,TRUE
Gen X (1965-1980),43,29686,49897171.78329954,59032.09302325582,80869.80765948516,34452.49057746317,96851.21688168979,1965,1980,16,2008,2023,16,1,TRUE,TRUE
Gen X (1965-1980),44,29149,51350989.81720005,59956.807171440945,82512.28996975596,34255.75510846706,99382.18435806684,1965,1980,16,2009,2024,16,1,TRUE,TRUE
Gen X (1965-1980),45,26199,47105696.07019999,60125.279931093886,83000.95734807361,35537.32,98467.39364682556,1965,1979,15,2010,2024,16,0.9375,FALSE,TRUE
Gen X (1965-1980),46,23779,44747931.88160029,60630.48172281352,82432.41204479177,34981.98105081826,98993.23865413087,1965,1978,14,2011,2024,16,0.875,FALSE,TRUE
Gen X (1965-1980),47,20776,40116359.354799904,61308.19542262025,82686.20745560482,36157.78763583086,99382.18435806684,1965,1977,13,2012,2024,16,0.8125,FALSE,TRUE
Gen X (1965-1980),48,18394,37134835.64419983,61578.28344088109,84662.89340541342,36784.91725357215,101202.86191571325,1965,1976,12,2013,2024,16,0.75,FALSE,TRUE
Gen X (1965-1980),49,18141,35280312.29920005,63293.248450117346,87143.15176007962,37269.85583584925,103071.81892878299,1965,1975,11,2014,2024,16,0.6875,FALSE,TRUE
Gen X (1965-1980),50,15692,31553177.376499955,63858.86963007333,88152.80016998445,38075.700000000004,104821.46953832601,1965,1974,10,2015,2024,16,0.625,FALSE,TRUE
Gen X (1965-1980),51,13567,27895819.483999863,64509.01372992018,87014.01147014514,38075.700000000004,103852.75624461671,1965,1973,9,2016,2024,16,0.5625,FALSE,TRUE
Gen X (1965-1980),52,11526,24691868.48240005,63760.52323952506,89026.19280830029,37594.89748832177,105317.35692177477,1965,1972,8,2017,2024,16,0.5,FALSE,TRUE
Gen X (1965-1980),53,9467,20914837.46290007,63190.41415306486,89749.08351074408,37311.92489735122,104473.38971258342,1965,1971,7,2018,2024,16,0.4375,FALSE,TRUE
Gen X (1965-1980),54,7605,17447453.92749995,63190.41415306486,85677.278697631,36861.07492262117,104264.18335255703,1965,1970,6,2019,2024,16,0.375,FALSE,TRUE
Gen X (1965-1980),55,6276,14714683.492799966,63190.41415306486,86248.93796612546,36378.28903368812,104821.46953832601,1965,1969,5,2020,2024,16,0.3125,FALSE,TRUE
Gen X (1965-1980),56,4770,11592731.71,63190.41415306486,89435.39332232466,38261.54177433247,104821.46953832601,1965,1968,4,2021,2024,16,0.25,FALSE,TRUE
Gen X (1965-1980),57,3447,8591454.880000012,61578.28344088109,87850.64656114005,36946.97006452865,102630.47240146848,1965,1967,3,2022,2024,16,0.1875,FALSE,TRUE
Gen X (1965-1980),58,2228,5672441.53,61578.28344088109,87655.48222061574,36861.07492262117,100577.86295343911,1965,1966,2,2023,2024,16,0.125,FALSE,TRUE
Gen X (1965-1980),59,1087,2647149.6900000037,61578.28344088109,84659.74100143458,35920.665340513966,97498.94878139505,1965,1965,1,2024,2024,16,0.0625,FALSE,TRUE
Gen Z (1997-2012),16,9077,15913351.26789997,4105.218896058739,8356.982664974896,1956.633675577344,8499.62859746514,1997,2008,12,2013,2024,16,0.75,FALSE,TRUE
Gen Z (1997-2012),17,11498,19864772.575899985,6534.065753029727,11999.50656242918,3031.524086140676,13976.195938443469,1997,2007,11,2014,2024,16,0.6875,FALSE,TRUE
Gen Z (1997-2012),18,10506,21411705.554900143,12209.394135602626,17198.68283721806,5131.523620073423,23293.65989740578,1997,2006,10,2015,2024,16,0.625,FALSE,TRUE
Gen Z (1997-2012),19,10200,23886168.746300016,15496.194701070366,20981.948533511608,6456.747792112653,29148.721771826655,1997,2005,9,2016,2024,16,0.5625,FALSE,TRUE
Gen Z (1997-2012),20,9370,22803567.099999998,20010.297815137208,24918.532148235558,9478.56212295973,33252.43661087727,1997,2004,8,2017,2024,16,0.5,FALSE,TRUE
Gen Z (1997-2012),21,8432,21546883.20789994,24043.095550917544,29117.48573839769,11035.475176071644,37973.274788543335,1997,2003,7,2018,2024,16,0.4375,FALSE,TRUE
Gen Z (1997-2012),22,7149,19513849.57040002,29916.829627438594,35901.447099026416,15797.603538266216,46587.31979481156,1997,2002,6,2019,2024,16,0.375,FALSE,TRUE
Gen Z (1997-2012),23,6289,17320907.950699978,34940.48984610867,41716.787749565185,20526.094480293694,53367.84564876361,1997,2001,5,2020,2024,16,0.3125,FALSE,TRUE
Gen Z (1997-2012),24,5151,13875171.009999983,42126.94276870991,51368.4641492086,26329.339230443693,63574.699926447516,1997,2000,4,2021,2024,16,0.25,FALSE,TRUE
Gen Z (1997-2012),25,3820,10319889.890000038,46183.71258066082,54880.500263398506,29516.04651162791,68517.77388050781,1997,1999,3,2022,2024,16,0.1875,FALSE,TRUE
Gen Z (1997-2012),26,2667,7116352.7600000175,47392.81061479865,57728.569816564384,30789.141720440544,71841.33068102793,1997,1998,2,2023,2024,16,0.125,FALSE,TRUE
Gen Z (1997-2012),27,1426,3856671.91000001,51315.23620073424,63894.93804848306,30789.141720440544,76972.85430110135,1997,1997,1,2024,2024,16,0.0625,FALSE,TRUE
Greatest (to 1927),34,616,1074458.3199999998,33948.52884982805,36510.64120757313,16732.02226073661,50114.494968793784,1927,1927,1,1961,1961,NA,NA,FALSE,TRUE
Greatest (to 1927),35,1135,2226139.5456000003,37262.933274195755,37750.620070367724,18389.72968103142,50114.494968793784,1926,1927,2,1961,1962,NA,NA,FALSE,TRUE
Greatest (to 1927),36,1783,3818243.5608999967,34756.82715577634,38028.56303639582,16764.207292988023,52539.389886638644,1925,1927,3,1961,1963,NA,NA,FALSE,TRUE
Greatest (to 1927),37,2378,5288498.962600009,35171.66278259411,38134.65772882686,16535.79273757737,52918.5848304617,1924,1927,4,1961,1964,NA,NA,FALSE,TRUE
Greatest (to 1927),38,3688,6995248.88429998,36060.55717556465,38841.254736124865,18411.847195357834,53863.7597291635,1923,1927,5,1961,1965,NA,NA,FALSE,TRUE
Greatest (to 1927),39,4687,8899905.322299987,37412.74613842707,39927.402354501995,19179.00749516441,54475.01379606352,1922,1927,6,1961,1966,NA,NA,FALSE,TRUE
Greatest (to 1927),40,5968,10513339.48689999,37893.338309386076,40891.56744679393,19090.051076395102,56119.11920764061,1921,1927,7,1961,1967,NA,NA,FALSE,TRUE
Greatest (to 1927),41,7245,12115073.34239996,38358.01499032882,41693.67644983152,19561.040658755916,56830.67731075589,1920,1927,8,1961,1968,NA,NA,FALSE,TRUE
Greatest (to 1927),42,8537,13857287.818300024,38358.924580242914,42488.837192177016,20164.00995604512,56930.71481971361,1919,1927,9,1961,1969,NA,NA,FALSE,TRUE
Greatest (to 1927),43,9468,15039314.609599926,39343.80134279339,43693.57897929579,20592.277988858357,58418.89656030353,1918,1927,10,1961,1970,NA,NA,FALSE,TRUE
Greatest (to 1927),44,10618,17027652.704300012,38910.72414004537,43788.19503698005,20624.98769438763,58390.4767381678,1917,1927,11,1961,1971,NA,NA,FALSE,TRUE
Greatest (to 1927),45,11661,18560500.90289995,39657.38959525236,44951.88441504809,21404.61148736517,59564.01351605031,1916,1927,12,1961,1972,NA,NA,FALSE,TRUE
Greatest (to 1927),46,12593,19847181.69710007,40208.01867739272,45750.339818149354,21598.677942026323,59920.21276595745,1915,1927,13,1961,1973,NA,NA,FALSE,TRUE
Greatest (to 1927),47,13467,21259798.783200018,39946.8085106383,45872.273992256625,21391.909356115557,60755.293786371316,1914,1927,14,1961,1974,NA,NA,FALSE,TRUE
Greatest (to 1927),48,13906,21872454.564999804,40435.02467029849,46598.289262590646,22222.479331955823,61427.661950856294,1913,1927,15,1961,1975,NA,NA,FALSE,TRUE
Greatest (to 1927),49,15592,24322702.769599754,39768.423261039585,45512.1985045621,21315.002799029666,61164.16353333687,1912,1927,16,1961,1976,NA,NA,FALSE,TRUE
Greatest (to 1927),50,15885,24680704.020000014,40328.01991209024,46470.71156057883,21821.186170547317,61596.214511041006,1911,1927,17,1961,1977,NA,NA,FALSE,TRUE
Greatest (to 1927),51,16380,25345192.903699946,40375.60852672461,46343.32815653458,21870.9835630965,62170.86747417171,1910,1927,18,1961,1978,NA,NA,FALSE,TRUE
Greatest (to 1927),52,16981,25915050.79640003,40693.65871036694,47071.0008854779,21896.42877681293,63035.59352941313,1909,1927,19,1961,1979,NA,NA,FALSE,TRUE
Greatest (to 1927),53,17791,27031466.20539994,40638.154018913556,47016.707646692135,21896.42877681293,62713.65545477006,1908,1927,20,1961,1980,NA,NA,FALSE,TRUE
Greatest (to 1927),54,18415,27901369.785099957,39949.57791779111,46562.066541379405,21870.9835630965,62453.5877062074,1907,1927,21,1961,1981,NA,NA,FALSE,TRUE
Greatest (to 1927),55,18714,28241496.505099926,39946.8085106383,46540.56102438861,22101.84495455729,62203.87886984134,1906,1927,22,1961,1982,NA,NA,FALSE,TRUE
Greatest (to 1927),56,18382,27723005.41749983,39687.87831408724,46114.24545881976,21753.192218699118,61596.214511041006,1905,1927,23,1961,1983,NA,NA,FALSE,TRUE
Greatest (to 1927),57,18471,27812791.839499813,39335.12645968233,46210.63678873898,21350.72772203039,61946.69646526922,1904,1927,24,1961,1984,NA,NA,FALSE,TRUE
Greatest (to 1927),58,18532,28077477.55259983,38910.72414004537,45934.703899066655,21058.242212749756,61235.387128429546,1903,1927,25,1961,1985,NA,NA,FALSE,TRUE
Greatest (to 1927),59,18584,27972405.82419988,38132.50965724447,45409.54167350301,20590.93614300569,60765.560165975105,1902,1927,26,1961,1986,NA,NA,FALSE,TRUE
Greatest (to 1927),60,17406,26112687.599299848,37227.6561467619,44178.18546969221,18779.808212161737,59471.211854975685,1901,1927,27,1961,1987,NA,NA,FALSE,TRUE
Greatest (to 1927),61,16670,25443733.146799732,35315.92127896388,42231.84365475292,16781.633217511364,57143.778886547356,1900,1927,28,1961,1988,NA,NA,FALSE,TRUE
Greatest (to 1927),62,14848,22650452.687299933,32331.932237931476,40222.093600736516,12449.580976216368,55261.118367854695,1899,1927,29,1961,1989,NA,NA,FALSE,TRUE
Greatest (to 1927),63,13096,19953704.082999934,31578.122985535654,39707.190248171086,11777.390747216232,54681.74616736822,1898,1927,30,1961,1990,NA,NA,FALSE,TRUE
Greatest (to 1927),64,11861,17916249.749999978,24206.386462750957,34175.966933870106,9402.288428045902,46949.52053040435,1897,1927,31,1961,1991,NA,NA,FALSE,TRUE
Greatest (to 1927),65,9421,14370635.634499973,15721.092508102975,28295.612629509884,6675.052731731319,38632.713487188,1896,1927,32,1961,1992,NA,NA,FALSE,TRUE
Greatest (to 1927),66,8142,12437508.538399987,13315.322434541607,26895.325319368047,5541.2497162117315,35646.50518343627,1895,1927,33,1961,1993,NA,NA,FALSE,TRUE
Greatest (to 1927),67,7047,10757592.521600008,12241.447621777223,24630.066597605226,5283.4811729573485,31062.92551548603,1894,1927,34,1961,1994,NA,NA,FALSE,TRUE
Greatest (to 1927),68,6214,9698995.413400041,11634.689548707573,23981.52648303764,4807.31577050753,28361.184057059585,1893,1927,35,1961,1995,NA,NA,FALSE,TRUE
Greatest (to 1927),69,5623,8706893.063900007,10834.504737785619,23270.539560029258,4362.117391132285,26016.193629769787,1892,1927,36,1961,1996,NA,NA,FALSE,TRUE
Greatest (to 1927),70,4654,7211698.878399988,10266.619893249315,22002.4095291703,4008.1347290477684,24156.364422045026,1891,1927,37,1961,1997,NA,NA,FALSE,TRUE
Millennial (1981-1996),16,21871,26098250.860000227,3568.7740344669305,5766.149334587617,1589.9257143572975,6974.84887342004,1981,1996,16,1997,2012,16,1,TRUE,TRUE
Millennial (1981-1996),17,25750,33261815.910000067,5678.323693924981,9064.094034048327,2644.1091095956995,11145.055365340053,1981,1996,16,1998,2013,16,1,TRUE,TRUE
Millennial (1981-1996),18,24883,37996826.159999855,9272.395192811133,13631.385538801702,4206.608922376649,18036.807200378968,1981,1996,16,1999,2014,16,1,TRUE,TRUE
Millennial (1981-1996),19,26595,45667764.17000041,12845.90816567515,17325.61585922278,5663.167512151072,23479.750247347,1981,1996,16,2000,2015,16,1,TRUE,TRUE
Millennial (1981-1996),20,26151,46981078.03000038,15681.757807271344,20678.591593456953,7066.112969886305,28044.059482510995,1981,1996,16,2001,2016,16,1,TRUE,TRUE
Millennial (1981-1996),21,26348,49103735.54999983,19630.841637757698,24593.31908139747,9317.052122356694,33070.403166280325,1981,1996,16,2002,2017,16,1,TRUE,TRUE
Millennial (1981-1996),22,26518,51215022.40999998,24616.84841170639,30317.134493431793,12691.9,39105.14288648676,1981,1996,16,2003,2018,16,1,TRUE,TRUE
Millennial (1981-1996),23,27079,53527288.725499965,29152.107411699606,35174.30106435761,15694.898028190784,45647.55537690143,1981,1996,16,2004,2019,16,1,TRUE,TRUE
Millennial (1981-1996),24,27592,54943414.47559989,36457.277327264295,43974.99068876795,21143.424108499024,55030.11271981961,1981,1996,16,2005,2020,16,1,TRUE,TRUE
Millennial (1981-1996),25,27563,55717590.85140007,39132.673511546884,47206.73888035969,23450.27351137899,59780.17270382415,1981,1996,16,2006,2021,16,1,TRUE,TRUE
Millennial (1981-1996),26,27164,55804638.396800146,41323.185869520974,50243.16661797096,25143.298880275626,63459.5,1981,1996,16,2007,2022,16,1,TRUE,TRUE
Millennial (1981-1996),27,27071,55597136.59049977,44304.980218757264,54539.573131237055,26641.856508385445,67906.13952955115,1981,1996,16,2008,2023,16,1,TRUE,TRUE
Millennial (1981-1996),28,27264,56473899.85889993,47542.63740760907,59014.67352124889,28496.326409722355,72867.63540504262,1981,1996,16,2009,2024,16,1,TRUE,TRUE
Millennial (1981-1996),29,26267,53312536.81850006,48916.68578455214,61235.777416479774,29446.262456636545,75429.89664082688,1981,1995,15,2010,2024,16,0.9375,FALSE,TRUE
Millennial (1981-1996),30,24355,48841601.10799994,50965.71287363186,64254.50651577254,31093.270747792685,78408.78903635671,1981,1994,14,2011,2024,16,0.875,FALSE,TRUE
Millennial (1981-1996),31,22661,46465665.487699956,52410.734769163006,67703.18266883402,32020.707389258165,81244.84550857011,1981,1993,13,2012,2024,16,0.8125,FALSE,TRUE
Millennial (1981-1996),32,20639,42787253.37839998,53951.21197190582,68603.1941298007,32496.62633749595,84253.88553741982,1981,1992,12,2013,2024,16,0.75,FALSE,TRUE
Millennial (1981-1996),33,20112,38419274.21040001,55844.36,71968.03601998936,33442.66007719265,87235.90154124821,1981,1991,11,2014,2024,16,0.6875,FALSE,TRUE
Millennial (1981-1996),34,18507,35424472.81320013,59351.27204046026,78626.00102725119,34981.98105081826,94420.034609351,1981,1990,10,2015,2024,16,0.625,FALSE,TRUE
Millennial (1981-1996),35,16436,31651300.61770005,60630.48172281352,79213.17978622526,36068.194067439515,96851.21688168979,1981,1989,9,2016,2024,16,0.5625,FALSE,TRUE
Millennial (1981-1996),36,14572,28435735.98100001,60630.48172281352,80374.89227603185,36784.91725357215,97673.6332296195,1981,1988,8,2017,2024,16,0.5,FALSE,TRUE
Millennial (1981-1996),37,12354,24242497.17839995,61578.28344088109,82108.58327538503,36378.28903368812,99433.99002541418,1981,1987,7,2018,2024,16,0.4375,FALSE,TRUE
Millennial (1981-1996),38,10216,21003967.54539996,63055.700991726066,85308.63501451885,36861.07492262117,101104.66264490379,1981,1986,6,2019,2024,16,0.375,FALSE,TRUE
Millennial (1981-1996),39,8585,17588513.174699962,62892.88172299561,84225.621154835,37899.01643871287,101859.20929432672,1981,1985,5,2020,2024,16,0.3125,FALSE,TRUE
Millennial (1981-1996),40,6568,13991980.140000021,63190.41415306486,87791.83283890551,38261.54177433247,104718.12588355804,1981,1984,4,2021,2024,16,0.25,FALSE,TRUE
Millennial (1981-1996),41,4908,10567710.790000012,63190.41415306486,87625.36747826454,37914.24849183892,103211.00978333928,1981,1983,3,2022,2024,16,0.1875,FALSE,TRUE
Millennial (1981-1996),42,3221,6877489.530000002,63190.41415306486,88522.00565664993,41052.18896058739,102630.47240146848,1981,1982,2,2023,2024,16,0.125,FALSE,TRUE
Millennial (1981-1996),43,1610,3448435.340000002,66198.46237798828,87622.31950194277,41052.18896058739,102630.47240146848,1981,1981,1,2024,2024,16,0.0625,FALSE,TRUE
Silent (1928-1945),16,595,1048563.500000001,1616.5966118965737,2731.3787196447693,496.8603551716341,3428.020934945283,1945,1945,1,1961,1961,18,0.05555555555555555,FALSE,TRUE
Silent (1928-1945),17,1151,2318908.8726999997,3941.394175740976,5502.968166623179,1212.4474589224303,7989.36170212766,1944,1945,2,1961,1962,18,0.1111111111111111,FALSE,TRUE
Silent (1928-1945),18,2035,4480448.1481,6926.760832570577,10298.525739289295,2812.165258523382,15978.72340425532,1943,1945,3,1961,1963,18,0.16666666666666666,FALSE,TRUE
Silent (1928-1945),19,2730,6599616.46040001,11185.106382978724,14247.551285314694,3891.072414004537,23346.434484027224,1942,1945,4,1961,1964,18,0.2222222222222222,FALSE,TRUE
Silent (1928-1945),20,4219,8489150.510700045,15343.205996131526,17568.42660724722,5992.021276595745,26683.225726192693,1941,1945,5,1961,1965,18,0.2777777777777778,FALSE,TRUE
Silent (1928-1945),21,4960,9946183.690800002,19420.815165565906,20783.57765391841,8055.183147969052,30686.411992263053,1940,1945,6,1961,1966,18,0.3333333333333333,FALSE,TRUE
Silent (1928-1945),22,6506,11961316.18370001,23014.80899419729,24311.19872243949,10508.981106202304,35797.86620884174,1939,1945,7,1961,1967,18,0.3888888888888889,FALSE,TRUE
Silent (1928-1945),23,7766,13736769.293100052,26937.17721966749,27595.547509141245,13022.660180703195,39472.227405610494,1938,1945,8,1961,1968,18,0.4444444444444444,FALSE,TRUE
Silent (1928-1945),24,8941,14869006.70870002,31158.510638297874,31938.672600233367,15569.38814004296,44522.73851285295,1937,1945,9,1961,1969,18,0.5,FALSE,TRUE
Silent (1928-1945),25,10144,16597899.90260008,33958.83796211577,34635.916480593194,17386.69714653367,48497.89835689721,1936,1945,10,1961,1970,18,0.5555555555555556,FALSE,TRUE
Silent (1928-1945),26,10985,17819388.113500018,36494.04796135488,36790.3181578688,18976.904939904536,51124.85804416403,1935,1945,11,1961,1971,18,0.6111111111111112,FALSE,TRUE
Silent (1928-1945),27,11944,19304296.482799962,37530.78037736628,38965.78768915064,20207.45764870717,53874.35443933498,1934,1945,12,1961,1972,18,0.6666666666666666,FALSE,TRUE
Silent (1928-1945),28,12820,20624200.803299963,38910.72414004537,40399.87281010426,20207.45764870717,56726.13384873105,1933,1945,13,1961,1973,18,0.7222222222222222,FALSE,TRUE
Silent (1928-1945),29,13950,22337758.874200106,39906.715393475744,41798.28479686088,20772.340425531915,58779.7292483078,1932,1945,14,1961,1974,18,0.7777777777777778,FALSE,TRUE
Silent (1928-1945),30,14741,23540249.75749999,40409.60954452143,42914.48440766118,20742.465135856542,60488.616101973086,1931,1945,15,1961,1975,18,0.8333333333333334,FALSE,TRUE
Silent (1928-1945),31,16365,25732778.800999947,41042.895779582446,43944.58655363106,21072.38917482982,61429.75839954826,1930,1945,16,1961,1976,18,0.8888888888888888,FALSE,TRUE
Silent (1928-1945),32,17617,27263070.08889998,42144.77834965964,45051.972291721104,21302.449777851325,62828.138801261826,1929,1945,17,1961,1977,18,0.9444444444444444,FALSE,TRUE
Silent (1928-1945),33,18877,29052134.883900184,41682.64928383986,45243.28901258811,20847.404730617607,62916.84223571693,1928,1945,18,1961,1978,18,1,TRUE,TRUE
Silent (1928-1945),34,19779,29954003.794600006,42360.78505252541,46486.88843081695,21443.044865778113,64905.33988785805,1928,1945,18,1962,1979,18,1,TRUE,TRUE
Silent (1928-1945),35,21003,31105010.214299988,43117.3501577287,47575.49078651969,21896.42877681293,66548.90493284394,1928,1945,18,1963,1980,18,1,TRUE,TRUE
Silent (1928-1945),36,21546,30997390.07649979,43727.794718297715,48628.19906971786,22387.265336777487,67295.33404029692,1928,1945,18,1964,1981,18,1,TRUE,TRUE
Silent (1928-1945),37,22211,31331288.28509993,43745.959427411464,49256.48492879984,21896.42877681293,68036.36282414956,1928,1945,18,1965,1982,18,1,TRUE,TRUE
Silent (1928-1945),38,22055,31439149.63859968,44162.56296394485,49942.84653114559,22447.647683056242,68823.22291642109,1928,1945,18,1966,1983,18,1,TRUE,TRUE
Silent (1928-1945),39,23229,32904190.619999945,44252.01726714262,50504.84592011582,22678.787608049854,69338.69112657427,1928,1945,18,1967,1984,18,1,TRUE,TRUE
Silent (1928-1945),40,22477,31900539.66999967,44543.095439625096,51172.71411438877,22678.787608049854,70631.84255792775,1928,1945,18,1968,1985,18,1,TRUE,TRUE
Silent (1928-1945),41,22423,32362594.859999795,44884.71059766592,52248.28072936179,23626.023827252422,71477.88014669725,1928,1945,18,1969,1986,18,1,TRUE,TRUE
Silent (1928-1945),42,22184,32159542.559999857,45574.17012448133,52984.53627305214,23626.023827252422,72110.33672966933,1928,1945,18,1970,1987,18,1,TRUE,TRUE
Silent (1928-1945),43,21650,31833485.27999983,46226.891991449855,53693.98285261108,23938.512318755158,73417.02373810952,1928,1945,18,1971,1988,18,1,TRUE,TRUE
Silent (1928-1945),44,22026,32636607.129999872,46265.54215270413,54779.30466535728,24721.648795908342,74514.01462065832,1928,1945,18,1972,1989,18,1,TRUE,TRUE
Silent (1928-1945),45,21518,32014225.13000004,47163.27752430892,55030.63395824802,24779.67160623987,74988.10624743116,1928,1945,18,1973,1990,18,1,TRUE,TRUE
Silent (1928-1945),46,21388,31939867.810000036,47618.32910103965,55630.29299184125,25280.51105483311,75635.04380926781,1928,1945,18,1974,1991,18,1,TRUE,TRUE
Silent (1928-1945),47,21144,31463844.919999935,47255.10732670703,55567.82716198958,25235.750265111346,75739.06620884546,1928,1945,18,1975,1992,18,1,TRUE,TRUE
Silent (1928-1945),48,20837,31144628.79999977,47542.94075460058,56156.834301543895,25318.983402489626,76269.0419914391,1928,1945,18,1976,1993,18,1,TRUE,TRUE
Silent (1928-1945),49,21064,31869033.659999933,47255.10732670703,56231.199551035264,25318.983402489626,76047.33522548091,1928,1945,18,1977,1994,18,1,TRUE,TRUE
Silent (1928-1945),50,19730,30469137.899999883,47816.73372816734,56941.00376855586,25753.55862626388,76497.87817559476,1928,1945,18,1978,1995,18,1,TRUE,TRUE
Silent (1928-1945),51,19383,30447578.979999874,46832.28798876802,56803.86464258033,25318.983402489626,75956.95020746888,1928,1945,18,1979,1996,18,1,TRUE,TRUE
Silent (1928-1945),52,18249,29717690.419999965,47163.27752430892,57978.59050683425,25433.26320242907,77028.42362325333,1928,1945,18,1980,1997,18,1,TRUE,TRUE
Silent (1928-1945),53,17271,28827342.739999797,48287.41527752335,59237.071767737776,25831.572261184785,78104,1928,1945,18,1981,1998,18,1,TRUE,TRUE
Silent (1928-1945),54,16792,28915761.83000005,46868.063456695694,59230.2818184531,24779.67160623987,76506.77396506774,1928,1945,18,1982,1999,18,1,TRUE,TRUE
Silent (1928-1945),55,16188,27810293.800000016,46712.55431411016,59865.88190281323,24930.84201216169,76438.0426599749,1928,1945,18,1983,2000,18,1,TRUE,TRUE
Silent (1928-1945),56,15436,26266418.76999989,46830.814416860994,60973.505697054454,24820.681647399462,77699.63701789382,1928,1945,18,1984,2001,18,1,TRUE,TRUE
Silent (1928-1945),57,14888,25418099.04000006,46581.65925480715,59633.65165426619,24352.023496767717,75956.95020746888,1928,1945,18,1985,2002,18,1,TRUE,TRUE
Silent (1928-1945),58,14194,24403370.799999874,46028.65026805423,60636.08939308681,24069.599848283706,76526.379258366,1928,1945,18,1986,2003,18,1,TRUE,TRUE
Silent (1928-1945),59,13761,23430248.390000094,45200.53744293716,59916.842154601756,23431.199999999997,76506.77396506774,1928,1945,18,1987,2004,18,1,TRUE,TRUE
Silent (1928-1945),60,12717,21887864.629999958,44957.581840186554,60058.37000738915,23434.41703239735,75593.42491141213,1928,1945,18,1988,2005,18,1,TRUE,TRUE
Silent (1928-1945),61,11399,19706435.820000064,41266.44800632833,57662.19765024924,19079.108572287572,71909.94593194548,1928,1945,18,1989,2006,18,1,TRUE,TRUE
Silent (1928-1945),62,9716,16717710.690000068,38253.38698253387,56330.77338366577,15899.257143572975,70509.57625588533,1928,1945,18,1990,2007,18,1,TRUE,TRUE
Silent (1928-1945),63,8692,15156821.310000043,37576.68166745618,55588.49895340573,15322.503444259804,70043.59823399558,1928,1945,18,1991,2008,18,1,TRUE,TRUE
Silent (1928-1945),64,7831,13452996.409999978,33067.479867361435,52744.61238486353,13679.18982623983,66388.4,1928,1945,18,1992,2009,18,1,TRUE,TRUE
Silent (1928-1945),65,6643,11329425.659999987,29478.980830928354,52033.59490157864,12135.388617811259,64340.64764567083,1928,1945,18,1993,2010,18,1,TRUE,TRUE
Silent (1928-1945),66,5745,9771947.489999978,27224.252477930102,49136.08891313945,11004.060517607617,61810.17276113384,1928,1945,18,1994,2011,18,1,TRUE,TRUE
Silent (1928-1945),67,5191,9057013.890000015,27045.557226760648,50369.59391549034,11562.68481211984,61542.121029265974,1928,1945,18,1995,2012,18,1,TRUE,TRUE
Silent (1928-1945),68,4378,8011701.77999998,26851.503162883193,48640.58220820058,11386.699562633172,57129.39326203667,1928,1945,18,1996,2013,18,1,TRUE,TRUE
Silent (1928-1945),69,3902,7195385.949999981,25602.139190941278,48972.78497625143,10740.910696187244,56541.99499970159,1928,1945,18,1997,2014,18,1,TRUE,TRUE
Silent (1928-1945),70,3522,6567681.059999975,26088.44900769792,49764.255239076425,10097.706375919475,58691.52366467801,1928,1945,18,1998,2015,18,1,TRUE,TRUE
