RPP Percentile	Change in the Dem. Vote Share	count_counties	Population	base_line	boundaries	min	Decile Range
1	-0.019090223	28	677039	0	84	74.8	74.8 to 84
2	-0.018067841	28	512512	0	84.1	84	84 to 84.1
3	-0.014907097	28	574894	0	84.2	84.1	84.1 to 84.2
4	-0.019691349	28	565174	0	84.3	84.2	84.2 to 84.3
5	-0.018915001	28	609389	0	84.5	84.3	84.3 to 84.5
6	-0.018790014	27	571195	0	84.6	84.5	84.5 to 84.6
7	-0.01781088	27	431419	0	84.6	84.6	84.6 to 84.6
8	-0.017442761	27	439563	0	84.8	84.6	84.6 to 84.8
9	-0.01618931	27	455010	0	84.9	84.8	84.8 to 84.9
10	-0.015939967	27	467589	0	85	84.9	84.9 to 85
11	-0.016165936	27	484953	0	85.1	85	85 to 85.1
12	-0.016029328	27	601882	0	85.2	85.1	85.1 to 85.2
13	-0.012029683	27	547162	0	85.3	85.2	85.2 to 85.3
14	-0.019169686	27	557878	0	85.3	85.3	85.3 to 85.3
15	-0.016706481	27	574786	0	85.5	85.3	85.3 to 85.5
16	-0.019746503	27	540813	0	85.5	85.5	85.5 to 85.5
17	-0.013579403	27	542118	0	85.6	85.5	85.5 to 85.6
18	-0.022114457	27	552329	0	85.7	85.6	85.6 to 85.7
19	-0.010738472	27	686896	0	85.8	85.7	85.7 to 85.8
20	-0.011900839	27	452478	0	85.8	85.8	85.8 to 85.8
21	-0.012999617	27	621114	0	85.9	85.8	85.8 to 85.9
22	-0.016625626	27	565412	0	86	85.9	85.9 to 86
23	-0.021466323	27	513787	0	86.1	86	86 to 86.1
24	-0.014606599	27	600814	0	86.2	86.1	86.1 to 86.2
25	-0.011621307	27	473510	0	86.3	86.2	86.2 to 86.3
26	-0.020713898	27	544088	0	86.4	86.3	86.3 to 86.4
27	-0.020449853	27	537939	0	86.5	86.4	86.4 to 86.5
28	-0.01163767	27	565607	0	86.5	86.5	86.5 to 86.5
29	-0.008745661	27	336284	0	86.6	86.5	86.5 to 86.6
30	-0.018738069	27	964671	0	86.7	86.6	86.6 to 86.7
31	-0.015539479	27	553262	0	86.8	86.7	86.7 to 86.8
32	-0.013495358	27	731540	0	86.9	86.8	86.8 to 86.9
33	-0.014624966	27	725044	0	87	86.9	86.9 to 87
34	-0.012073136	27	869794	0	87.1	87	87 to 87.1
35	-0.010162232	27	525969	0	87.2	87.1	87.1 to 87.2
36	-0.01650878	27	489627	0	87.3	87.2	87.2 to 87.3
37	-0.012723655	27	712999	0	87.4	87.3	87.3 to 87.4
38	-0.018157413	27	549992	0	87.4	87.4	87.4 to 87.4
39	-0.013091764	27	861898	0	87.5	87.4	87.4 to 87.5
40	-0.013083833	27	732744	0	87.6	87.5	87.5 to 87.6
41	-0.011708682	27	665333	0	87.7	87.6	87.6 to 87.7
42	-0.014701981	27	617791	0	87.8	87.7	87.7 to 87.8
43	-0.00831883	27	1608813	0	87.9	87.8	87.8 to 87.9
44	-0.016763074	27	774539	0	88	87.9	87.9 to 88
45	-0.017322561	27	803235	0	88	88	88 to 88
46	-0.007582328	27	785452	0	88.1	88	88 to 88.1
47	-0.013613517	27	741378	0	88.3	88.1	88.1 to 88.3
48	-0.013214574	27	1222198	0	88.3	88.3	88.3 to 88.3
49	-0.018239714	27	1833960	0	88.4	88.3	88.3 to 88.4
50	-0.015713623	27	1105483	0	88.5	88.4	88.4 to 88.5
51	-0.014649993	27	934570	0	88.6	88.5	88.5 to 88.6
52	-0.013640793	27	856833	0	88.7	88.6	88.6 to 88.7
53	-0.009818022	27	1076744	0	88.9	88.7	88.7 to 88.9
54	-0.013248553	27	771080	0	89	88.9	88.9 to 89
55	-0.013169465	27	722229	0	89.1	89	89 to 89.1
56	-0.011094145	27	1173427	0	89.2	89.1	89.1 to 89.2
57	-0.015684803	27	1259227	0	89.4	89.2	89.2 to 89.4
58	-0.014397634	27	1412432	0	89.5	89.4	89.4 to 89.5
59	-0.011812263	27	1218415	0	89.6	89.5	89.5 to 89.6
60	-0.009618346	27	872806	0	89.8	89.6	89.6 to 89.8
61	-0.012619568	27	1251484	0	89.9	89.8	89.8 to 89.9
62	-0.01511592	27	1312668	0	90.1	89.9	89.9 to 90.1
63	-0.013520275	27	2397838	0	90.2	90.1	90.1 to 90.2
64	-0.0135947	27	1751176	0	90.4	90.2	90.2 to 90.4
65	-0.013254664	27	1239409	0	90.5	90.4	90.4 to 90.5
66	-0.013603026	27	1560956	0	90.6	90.5	90.5 to 90.6
67	-0.012285118	27	688241	0	90.8	90.6	90.6 to 90.8
68	-0.00972243	27	1408608	0	90.9	90.8	90.8 to 90.9
69	-0.014215413	27	1071174	0	91.1	90.9	90.9 to 91.1
70	-0.011606823	27	1607030	0	91.3	91.1	91.1 to 91.3
71	-0.010871995	27	1267762	0	91.4	91.3	91.3 to 91.4
72	-0.0118674	27	1442309	0	91.7	91.4	91.4 to 91.7
73	-0.007092449	27	1992822	0	91.9	91.7	91.7 to 91.9
74	-0.0105145	27	2458510	0	92.1	91.9	91.9 to 92.1
75	-0.0107433	27	2635009	0	92.3	92.1	92.1 to 92.3
76	-0.007627544	27	2281780	0	92.5	92.3	92.3 to 92.5
77	-0.014559924	27	4308210	0	92.8	92.5	92.5 to 92.8
78	-0.007646045	27	2288748	0	93.1	92.8	92.8 to 93.1
79	-0.010871295	27	3944631	0	93.3	93.1	93.1 to 93.3
80	-0.014592852	27	4581070	0	93.5	93.3	93.3 to 93.5
81	-0.013006803	27	3461534	0	93.8	93.5	93.5 to 93.8
82	-0.007106636	27	4071859	0	94.1	93.8	93.8 to 94.1
83	-0.014729448	27	5058895	0	94.5	94.1	94.1 to 94.5
84	-0.008888385	27	3514442	0	94.8	94.5	94.5 to 94.8
85	-0.014555441	27	4465208	0	95.3	94.8	94.8 to 95.3
86	-0.005933715	27	4837975	0	95.8	95.3	95.3 to 95.8
87	-0.015778451	27	6636479	0	96.4	95.8	95.8 to 96.4
88	-0.011608833	27	6661314	0	96.8	96.4	96.4 to 96.8
89	-0.011965885	27	5114295	0	97.2	96.8	96.8 to 97.2
90	-0.013768389	27	7275976	0	97.7	97.2	97.2 to 97.7
91	-0.016239473	27	7119049	0	98.3	97.7	97.7 to 98.3
92	-0.007787932	27	5574950	0	98.9	98.3	98.3 to 98.9
93	-0.012552328	27	12460643	0	99.8	98.9	98.9 to 99.8
94	-0.006387124	27	5948491	0	100.6	99.8	99.8 to 100.6
95	-0.013226938	27	9593839	0	101.9	100.6	100.6 to 101.9
96	-0.015428059	27	8915399	0	102.9	101.9	101.9 to 102.9
97	-0.018050589	27	12212863	0	105.2	102.9	102.9 to 105.2
98	-0.021578663	27	8153294	0	108.2	105.2	105.2 to 108.2
99	-0.02195027	27	14658044	0	112.5	108.2	108.2 to 112.5
100	-0.043481505	27	17351106	0	132.6	112.5	112.5 to 132.6
