year_int,month_int,date_dt,p10,p25,p50,p75,p90,p10_covid,p25_covid,p50_covid,p75_covid,p90_covid,covid_flag_int
1982,1,1982-01-01,101.56359939140731,99.01713582182627,99.1907354646401,98.85777698383266,96.79246679090677,NA,NA,NA,NA,NA,0
1982,2,1982-02-01,102.16686476021415,100.92522578190311,100.62418761006758,99.65958669067697,98.57726838498277,NA,NA,NA,NA,NA,0
1982,3,1982-03-01,102.2801712709332,101.4734198525384,100.22571441915001,99.3631663082166,98.6501224990005,NA,NA,NA,NA,NA,0
1982,4,1982-04-01,101.94737077024085,101.881185765985,100.61501539066228,100.16421231583861,99.57857674016866,NA,NA,NA,NA,NA,0
1982,5,1982-05-01,102.04789000797506,101.88764156448458,100.56414423117613,100.01393354750238,99.51747077403091,NA,NA,NA,NA,NA,0
1982,6,1982-06-01,101.64494190935179,101.76959942214187,100.66922159753263,100.21618469443965,99.70570685831217,NA,NA,NA,NA,NA,0
1982,7,1982-07-01,101.27324817554069,101.18956231580631,100.47484027740704,100.27543150071378,99.62058827433299,NA,NA,NA,NA,NA,0
1982,8,1982-08-01,100.95632779946854,100.71689815154856,100.29723069336701,100.28110492008908,99.40094916417038,NA,NA,NA,NA,NA,0
1982,9,1982-09-01,100.67951649591686,100.44634022716642,100.26544254280591,100.25471385872842,99.61713379911795,NA,NA,NA,NA,NA,0
1982,10,1982-10-01,100.40308445437006,100.35684212633646,100.18416567310575,100.17773654136668,99.73348942766168,NA,NA,NA,NA,NA,0
1982,11,1982-11-01,100.2296581650434,100.24614047756113,100.09051759425236,100.0875974697862,99.97033313263387,NA,NA,NA,NA,NA,0
1982,12,1982-12-01,100,100,100,99.99999999999999,100,NA,NA,NA,NA,NA,0
1983,1,1983-01-01,99.74216438675963,100.19401031966508,100.16096069677117,99.97659417564121,100.24336841462066,NA,NA,NA,NA,NA,0
1983,2,1983-02-01,99.49033432899621,100.05568013737722,99.89214321506485,99.80561920789886,100.27978960553001,NA,NA,NA,NA,NA,0
1983,3,1983-03-01,99.24979822536291,99.92850521464622,99.93261568600693,99.76505820686663,100.49742604797672,NA,NA,NA,NA,NA,0
1983,4,1983-04-01,98.8618519453937,99.7185437242803,99.81016132890073,99.37089249820546,100.5038464427547,NA,NA,NA,NA,NA,0
1983,5,1983-05-01,98.56501926587133,99.584160712347,99.88681741998258,99.21657801626903,100.61958865801297,NA,NA,NA,NA,NA,0
1983,6,1983-06-01,98.35355963285753,99.47989191220218,99.73804255318205,98.88083464950863,100.74162494443173,NA,NA,NA,NA,NA,0
1983,7,1983-07-01,98.0272589925236,99.61801701211857,99.6830132355667,98.54930286334476,100.91372707519115,NA,NA,NA,NA,NA,0
1983,8,1983-08-01,97.69267293616596,99.65439653681226,99.655722143975,98.20935283205999,101.08763329621753,NA,NA,NA,NA,NA,0
1983,9,1983-09-01,97.58802733612258,99.68075578150201,99.6182291426837,97.86446024854469,101.0381066412284,NA,NA,NA,NA,NA,0
1983,10,1983-10-01,97.51548965954049,99.5874176813778,99.74470361796932,97.55259413101915,101.19258648676184,NA,NA,NA,NA,NA,0
1983,11,1983-11-01,97.3831545485776,99.51682145536743,99.75286821068507,97.51413030079065,101.20511945488221,NA,NA,NA,NA,NA,0
1983,12,1983-12-01,97.33152210442873,99.595617396129,99.98328510550262,97.31656386300139,101.26969737473544,NA,NA,NA,NA,NA,0
1984,1,1984-01-01,97.27841602419522,99.48235813324041,100.0919270132405,97.21256492205157,101.51251452529397,NA,NA,NA,NA,NA,0
1984,2,1984-02-01,97.06427721597375,99.32774195281593,100.3343972442271,97.0446713425123,101.63720709266218,NA,NA,NA,NA,NA,0
1984,3,1984-03-01,96.83432465499831,99.42588531552764,100.53767589431929,97.14558497501427,101.85911465343212,NA,NA,NA,NA,NA,0
1984,4,1984-04-01,96.85096961018502,99.4406055573223,100.59689968272635,97.10168844564194,101.79829321699196,NA,NA,NA,NA,NA,0
1984,5,1984-05-01,96.64125922654272,99.37917613667877,100.56489899282394,97.17210373833075,101.86362093937713,NA,NA,NA,NA,NA,0
1984,6,1984-06-01,96.56687782575436,99.28952601756669,100.67388465513584,97.25814954318004,102.12951935007493,NA,NA,NA,NA,NA,0
1984,7,1984-07-01,96.51357828822542,99.08418722716439,100.81638498772247,97.29578552936464,102.19927717443093,NA,NA,NA,NA,NA,0
1984,8,1984-08-01,96.58366984249386,99.3348438525847,100.92677158104277,97.4074574358838,102.58722763387375,NA,NA,NA,NA,NA,0
1984,9,1984-09-01,96.43577961483841,99.58202030095677,100.95630987231742,97.63284351214224,102.89655018224242,NA,NA,NA,NA,NA,0
1984,10,1984-10-01,96.28288758052501,99.8408168453205,101.01835239698212,97.92131304568422,103.02854270822452,NA,NA,NA,NA,NA,0
1984,11,1984-11-01,96.13025742945796,100.01128015872297,101.22010568384775,98.09971738100282,103.16039815517017,NA,NA,NA,NA,NA,0
1984,12,1984-12-01,95.95978398289496,100.25049857361668,101.1423077497834,98.38067090636875,103.38352691870561,NA,NA,NA,NA,NA,0
1985,1,1985-01-01,95.66855739691452,100.65151615147701,101.00537811402285,98.58405663746568,103.4365817110284,NA,NA,NA,NA,NA,0
1985,2,1985-02-01,95.39548491895256,100.98093054170528,100.80140926770748,98.84587516152294,103.47747528064527,NA,NA,NA,NA,NA,0
1985,3,1985-03-01,95.11836301381953,101.12141911548122,100.78228216490152,98.89285085354477,103.33705667455328,NA,NA,NA,NA,NA,0
1985,4,1985-04-01,94.86060710544568,101.37104741108743,101.09448206700374,99.29900297475503,103.38091033558997,NA,NA,NA,NA,NA,0
1985,5,1985-05-01,94.59461863512465,101.70006795929646,101.3800965642521,99.40496558947686,103.4267361537777,NA,NA,NA,NA,NA,0
1985,6,1985-06-01,94.32181952420089,102.01332501247282,101.67359448849291,99.60837985650817,103.34286574737504,NA,NA,NA,NA,NA,0
1985,7,1985-07-01,94.17273106462717,102.34795434852634,101.68687520118762,99.77997348820232,103.29764453831612,NA,NA,NA,NA,NA,0
1985,8,1985-08-01,93.90850899734681,102.49676990612802,101.84784190394646,99.96774933653903,103.10206665046837,NA,NA,NA,NA,NA,0
1985,9,1985-09-01,93.75190064393587,102.57187256286745,102.14373049969637,100.15965832920901,102.81044469380136,NA,NA,NA,NA,NA,0
1985,10,1985-10-01,93.60104574713681,102.63506840098724,102.27535350618903,100.17609387447649,102.75864643773926,NA,NA,NA,NA,NA,0
1985,11,1985-11-01,93.32949436976027,102.77348247942177,102.3854944951344,100.03832793324577,102.62890966645863,NA,NA,NA,NA,NA,0
1985,12,1985-12-01,93.07642801775164,102.81922189914565,102.53671788630203,100.0449573628545,102.53673411145763,NA,NA,NA,NA,NA,0
1986,1,1986-01-01,93.02276776131205,102.51867848716559,102.65316736998705,100.06519184712111,102.54833868679583,NA,NA,NA,NA,NA,0
1986,2,1986-02-01,92.8487982830401,102.3454206889603,102.89369722855106,100.14911482381436,102.79842525184966,NA,NA,NA,NA,NA,0
1986,3,1986-03-01,92.8791375457058,102.13766182410916,102.91706953248497,100.318966762513,103.13499019321422,NA,NA,NA,NA,NA,0
1986,4,1986-04-01,93.04564178723031,101.95969513730854,102.73736459983179,100.32903316039041,103.51592495961324,NA,NA,NA,NA,NA,0
1986,5,1986-05-01,92.99862235097557,101.7867046391608,102.57927541028981,100.53244539150273,103.90074783103051,NA,NA,NA,NA,NA,0
1986,6,1986-06-01,92.99043788823867,101.65735849902032,102.39654635699762,100.65823800451199,104.03325331686527,NA,NA,NA,NA,NA,0
1986,7,1986-07-01,92.84458816615016,101.66696579656691,102.5217849317924,100.87074393358823,104.42668037884567,NA,NA,NA,NA,NA,0
1986,8,1986-08-01,92.71473112281281,101.5227093390907,102.5143074388488,101.01670174400991,104.66594473508975,NA,NA,NA,NA,NA,0
1986,9,1986-09-01,93.00221415204112,101.36537727763464,102.61190311659094,101.09654685308878,105.0614969741998,NA,NA,NA,NA,NA,0
1986,10,1986-10-01,93.28821252027217,101.20726288507413,102.62120846239864,101.55080996519861,105.35936747911506,NA,NA,NA,NA,NA,0
1986,11,1986-11-01,93.47690237551613,101.05895176936107,102.66259982704607,101.81272172150621,105.59433696287681,NA,NA,NA,NA,NA,0
1986,12,1986-12-01,93.65860697724588,100.92757700162319,102.95101905283732,102.2309161817843,105.94102912640105,NA,NA,NA,NA,NA,0
1987,1,1987-01-01,93.64348606968342,100.79595390264593,103.12545433151205,102.56590571537353,106.26700275470316,NA,NA,NA,NA,NA,0
1987,2,1987-02-01,93.65139261414872,100.63531959927882,103.18599277382056,102.87699451897612,106.50791028490896,NA,NA,NA,NA,NA,0
1987,3,1987-03-01,93.78354704002166,100.43429366316398,103.53838587193381,103.0357318561761,106.85245666011335,NA,NA,NA,NA,NA,0
1987,4,1987-04-01,93.76119475241555,100.18529257813296,103.72960558963845,103.14482765719309,106.82214774627832,NA,NA,NA,NA,NA,0
1987,5,1987-05-01,93.95069033323708,99.9309398120568,103.85910931812336,103.24762507748349,106.81871188679176,NA,NA,NA,NA,NA,0
1987,6,1987-06-01,94.09260400506872,99.67705087794025,104.15257358429801,103.31267337844203,107.11606350723878,NA,NA,NA,NA,NA,0
1987,7,1987-07-01,94.16339270130084,99.40645185802593,104.18408936868188,103.39693612760699,107.18851944701983,NA,NA,NA,NA,NA,0
1987,8,1987-08-01,94.31790426909006,99.11428079661168,104.39499403704713,103.45807706950518,107.09206724061158,NA,NA,NA,NA,NA,0
1987,9,1987-09-01,94.05711211465223,99.14589208967406,104.38827648051495,103.4668668763599,107.22360113229782,NA,NA,NA,NA,NA,0
1987,10,1987-10-01,93.86897516058056,99.11748049136956,104.45661700081611,103.20027156843122,107.37356644960292,NA,NA,NA,NA,NA,0
1987,11,1987-11-01,93.79165217592876,99.05606206722595,104.5014485522135,103.12580057784287,107.5839472276585,NA,NA,NA,NA,NA,0
1987,12,1987-12-01,93.71077364622158,98.91047923582471,104.31194026933142,102.87440492260234,107.65283352031877,NA,NA,NA,NA,NA,0
1988,1,1988-01-01,93.63661566878721,98.61222939874216,104.24216307374508,102.68493847281674,107.89784999372586,NA,NA,NA,NA,NA,0
1988,2,1988-02-01,93.68461392953789,98.73065976511539,104.27349103216598,102.65195377615402,108.18498905270734,NA,NA,NA,NA,NA,0
1988,3,1988-03-01,93.92025935473157,98.84225718623313,103.96481856716667,102.69947234466916,108.07420567673347,NA,NA,NA,NA,NA,0
1988,4,1988-04-01,93.86051144730786,98.94409313894604,103.75837047231283,102.51159836332631,108.0539572286494,NA,NA,NA,NA,NA,0
1988,5,1988-05-01,93.574466113204707,99.04261715041278,103.68429611581745,102.5459217217372,108.22813419379862,NA,NA,NA,NA,NA,0
1988,6,1988-06-01,93.58952315255087,99.1841260934808,103.44685696349866,102.57609820414615,108.15252812827133,NA,NA,NA,NA,NA,0
1988,7,1988-07-01,93.99557918318472,99.19206950754622,103.34779571647576,102.58444274999266,108.23266786606541,NA,NA,NA,NA,NA,0
1988,8,1988-08-01,94.30358195458032,99.27306811410227,103.05505040947531,102.5157503627645,108.33836370561374,NA,NA,NA,NA,NA,0
1988,9,1988-09-01,94.47374457690849,99.4064738593762,102.91962956645794,102.51970349848352,108.32923163977595,NA,NA,NA,NA,NA,0
1988,10,1988-10-01,94.5596871518867,99.58706902679475,102.835994949043,102.52287620203754,108.53248736722838,NA,NA,NA,NA,NA,0
1988,11,1988-11-01,94.74557256463928,99.79588384754625,102.74884837959907,102.52242756874689,108.68004407289793,NA,NA,NA,NA,NA,0
1988,12,1988-12-01,94.92106114088283,99.99687884554973,102.52138275694713,102.44095678976377,108.57610569479277,NA,NA,NA,NA,NA,0
1989,1,1989-01-01,95.08603607830273,100.42336161950875,102.28949639845877,102.3464201267484,108.19741090158391,NA,NA,NA,NA,NA,0
1989,2,1989-02-01,95.23632775295242,100.35785269743675,102.23796680000638,102.04720848181924,107.63373702479248,NA,NA,NA,NA,NA,0
1989,3,1989-03-01,94.87178377161123,100.36625065936832,102.23536096772098,101.65945830145849,107.27870126570056,NA,NA,NA,NA,NA,0
1989,4,1989-04-01,94.78045334661807,100.35973557257853,102.29894731641478,101.4842647549528,107.25600877850319,NA,NA,NA,NA,NA,0
1989,5,1989-05-01,94.90720790483454,100.34710126207344,102.1950888835155,101.07865090166693,107.00220621532152,NA,NA,NA,NA,NA,0
1989,6,1989-06-01,94.74579998702076,100.30435101357735,102.10595010502743,100.85617744809572,106.99063523297141,NA,NA,NA,NA,NA,0
1989,7,1989-07-01,94.40272440986091,100.39430634817012,102.2009828143137,100.7472210357644,106.8535174932591,NA,NA,NA,NA,NA,0
1989,8,1989-08-01,94.08250834968354,100.44229256600183,102.1685057681766,100.49205467436205,106.84857674894918,NA,NA,NA,NA,NA,0
1989,9,1989-09-01,94.16885978104825,100.3476347592149,102.15040131598427,100.42930553967143,106.7608191787378,NA,NA,NA,NA,NA,0
1989,10,1989-10-01,93.86653945025283,100.3820036240819,102.27538369568771,100.53683087958075,106.65323102918245,NA,NA,NA,NA,NA,0
1989,11,1989-11-01,93.94839259528047,100.1795902475509,102.4012921972702,100.54254466718166,106.39658254409089,NA,NA,NA,NA,NA,0
1989,12,1989-12-01,93.65045851300887,100.30868806049907,102.6833022962112,100.53388089626318,106.37173130303171,NA,NA,NA,NA,NA,0
1990,1,1990-01-01,93.71410896649199,100.56066960741468,102.96249875159926,100.52107796070425,106.42271883158217,NA,NA,NA,NA,NA,0
1990,2,1990-02-01,93.86322731962879,100.95213692384614,103.16431038067566,100.65965089167302,106.47206345522616,NA,NA,NA,NA,NA,0
1990,3,1990-03-01,94.01138301189991,101.1196706582059,103.24446187663646,100.9250363042942,106.93887510767058,NA,NA,NA,NA,NA,0
1990,4,1990-04-01,94.26951976667439,101.54313570321044,103.22342395064938,100.94063487244084,107.08042403587245,NA,NA,NA,NA,NA,0
1990,5,1990-05-01,94.46316637023074,101.9772361679943,103.29553493265665,101.04722798111995,107.22790831496714,NA,NA,NA,NA,NA,0
1990,6,1990-06-01,94.6387690158949,102.39104461886313,103.54115855949404,101.11307603928923,107.22224156597744,NA,NA,NA,NA,NA,0
1990,7,1990-07-01,94.81333588789325,102.47126401825743,103.45428960158097,100.90303784628993,107.36362872466648,NA,NA,NA,NA,NA,0
1990,8,1990-08-01,95.02891722057214,102.78420276232801,103.52198093927613,100.97703497453229,107.5450852874994,NA,NA,NA,NA,NA,0
1990,9,1990-09-01,94.82852176937294,102.8815975396875,103.35535410254177,100.895092390534,107.53015780544021,NA,NA,NA,NA,NA,0
1990,10,1990-10-01,94.90688110496583,102.82913232240226,103.21209861874762,100.68500208182158,107.44220016158508,NA,NA,NA,NA,NA,0
1990,11,1990-11-01,94.79167019160147,103.02240932442592,103.07696450536638,100.82659942672521,107.76507741864413,NA,NA,NA,NA,NA,0
1990,12,1990-12-01,94.95670715721823,102.97969923978252,102.93403603820335,100.76020227984652,107.76740605830766,NA,NA,NA,NA,NA,0
1991,1,1991-01-01,95.15914434635633,102.74817247839032,102.94150329569158,101.01750539105738,108.15829789412814,NA,NA,NA,NA,NA,0
1991,2,1991-02-01,95.29812374662886,102.47720311803307,102.71226483663769,101.14686338199087,108.34419462919314,NA,NA,NA,NA,NA,0
1991,3,1991-03-01,95.28451093168505,102.38316274287884,102.78282904246187,101.1512026495573,108.37438920279406,NA,NA,NA,NA,NA,0
1991,4,1991-04-01,95.37893624960427,102.07328072508462,102.71502016554444,101.31846584521135,108.42333343584531,NA,NA,NA,NA,NA,0
1991,5,1991-05-01,95.53260461341245,101.74823922144458,102.67320866470462,101.38994583513421,108.6640591956446,NA,NA,NA,NA,NA,0
1991,6,1991-06-01,95.70756531620796,101.44740519128705,102.41813113707147,101.28035119568328,108.80069566793574,NA,NA,NA,NA,NA,0
1991,7,1991-07-01,95.8893077684378,101.4867150663223,102.42382251687351,101.57527622139956,108.95433462145408,NA,NA,NA,NA,NA,0
1991,8,1991-08-01,96.01221318074546,101.2748570963397,102.40773680117424,101.67102794470243,109.14617075506068,NA,NA,NA,NA,NA,0
1991,9,1991-09-01,96.1559047295404,101.0438752664095,102.41429666501294,101.80932787361934,109.42428307439738,NA,NA,NA,NA,NA,0
1991,10,1991-10-01,96.42057468313219,100.84603827150124,102.41064036701289,102.01828652936464,109.4258105916234,NA,NA,NA,NA,NA,0
1991,11,1991-11-01,96.49549308038993,100.64072160530432,102.2033183207648,102.0500847184285,109.29397211461064,NA,NA,NA,NA,NA,0
1991,12,1991-12-01,96.67475356580499,100.42268460290039,102.20567333690511,102.1367817674059,109.37730847657419,NA,NA,NA,NA,NA,0
1992,1,1992-01-01,96.5650675181696,100.22559916352766,102.24408405879015,102.05590287797557,109.1615321670538,NA,NA,NA,NA,NA,0
1992,2,1992-02-01,96.62360176341454,100.01189784871397,102.3515452978122,101.87968195956884,109.1587235206641,NA,NA,NA,NA,NA,0
1992,3,1992-03-01,96.75702567033633,99.78011309468408,102.37872574712868,101.92707514907033,108.90495713900324,NA,NA,NA,NA,NA,0
1992,4,1992-04-01,96.96570574483489,99.88273191499839,102.59720429223803,102.06411464062397,108.85342674222139,NA,NA,NA,NA,NA,0
1992,5,1992-05-01,97.19683114612201,99.72640849363087,102.65968161102685,102.08737265050034,108.6183173748275,NA,NA,NA,NA,NA,0
1992,6,1992-06-01,96.98940865905809,99.51134714420618,102.48832044846779,102.09656882062654,108.39203451377844,NA,NA,NA,NA,NA,0
1992,7,1992-07-01,97.03038266194011,99.28257915495705,102.48556830866535,102.03253628866993,108.14157099595754,NA,NA,NA,NA,NA,0
1992,8,1992-08-01,97.07928130908252,99.26555649588148,102.60514655067897,102.02509500690589,107.90050003474651,NA,NA,NA,NA,NA,0
1992,9,1992-09-01,97.31644566001431,99.2635459043696,102.80793219814123,102.1387276356292,107.67622791462915,NA,NA,NA,NA,NA,0
1992,10,1992-10-01,97.36620913396168,99.24776839317671,102.75462821401057,101.98374886581504,107.4376647448584,NA,NA,NA,NA,NA,0
1992,11,1992-11-01,97.5906479367054,99.36840415639223,102.98960543072548,101.91198354686453,107.20165092038322,NA,NA,NA,NA,NA,0
1992,12,1992-12-01,97.82067722183294,99.49503186791902,103.00791398683283,101.91889153316843,107.09188652932897,NA,NA,NA,NA,NA,0
1993,1,1993-01-01,97.9612380410474,99.61252741526056,102.93475143880288,102.16272849404854,107.0079219715458,NA,NA,NA,NA,NA,0
1993,2,1993-02-01,97.92539012819714,99.73831685876736,102.9230558934125,102.22699279110138,106.77963587051089,NA,NA,NA,NA,NA,0
1993,3,1993-03-01,98.15226300415206,99.8668954771311,102.92909603388304,102.34494829067074,106.67361339651445,NA,NA,NA,NA,NA,0
1993,4,1993-04-01,98.02995496690481,99.65419089984773,103.15046529921979,102.49192288297549,106.45005175494238,NA,NA,NA,NA,NA,0
1993,5,1993-05-01,98.1493633826868,99.70956867131102,103.27914775261253,102.6154418969873,106.647274969329,NA,NA,NA,NA,NA,0
1993,6,1993-06-01,98.37696985138896,99.8350260236181,103.51628498286584,102.97058575451507,106.85723845984299,NA,NA,NA,NA,NA,0
1993,7,1993-07-01,98.35591610597535,99.64302942195133,103.58446571696082,103.18452065611847,106.99499590990742,NA,NA,NA,NA,NA,0
1993,8,1993-08-01,98.41692510357225,99.57570737527162,103.93593235928017,103.4991514377793,106.8687222437624,NA,NA,NA,NA,NA,0
1993,9,1993-09-01,98.64841256158508,99.57940104566829,103.89042365016257,103.56065170996845,106.94302124535616,NA,NA,NA,NA,NA,0
1993,10,1993-10-01,99.05564919631209,99.58629767472064,104.22607293795656,103.77848176310403,107.27996148220691,NA,NA,NA,NA,NA,0
1993,11,1993-11-01,99.28978399373426,99.72212443425371,104.47120142002744,103.84364338306945,107.61693357169759,NA,NA,NA,NA,NA,0
1993,12,1993-12-01,99.11397828695726,99.56851655308752,104.72931616722926,104.02193539604933,107.69754776077951,NA,NA,NA,NA,NA,0
1994,1,1994-01-01,99.37756950291397,99.53230003375207,104.9301563474779,103.85145109584944,108.07394804669886,NA,NA,NA,NA,NA,0
1994,2,1994-02-01,99.54128771445502,99.36363956813268,104.96976701819028,103.94032108831459,108.75736362305342,NA,NA,NA,NA,NA,0
1994,3,1994-03-01,99.53562700103811,99.51624340222628,104.89253601695697,103.75748006020302,109.15190329177011,NA,NA,NA,NA,NA,0
1994,4,1994-04-01,99.46000085615452,99.5877535352159,104.68357618989042,103.58778300100339,109.58223404998326,NA,NA,NA,NA,NA,0
1994,5,1994-05-01,99.39329863754358,99.43999068989328,104.52840186400672,103.57774874063111,109.68668348205902,NA,NA,NA,NA,NA,0
1994,6,1994-06-01,99.566648058735,99.40005111533708,104.41604946415609,103.40468831648083,109.93186768664839,NA,NA,NA,NA,NA,0
1994,7,1994-07-01,99.81025987302976,99.61887863623637,104.29091267452995,103.21871556244774,110.08951660208018,NA,NA,NA,NA,NA,0
1994,8,1994-08-01,99.96351355107413,99.66822993838962,104.00834684840433,103.02801493394553,110.50196691075821,NA,NA,NA,NA,NA,0
1994,9,1994-09-01,99.77639358923263,99.74319346411139,104.14582094704697,102.83694452664169,110.7222103884468,NA,NA,NA,NA,NA,0
1994,10,1994-10-01,99.60182970734002,99.83002264840323,103.96306050364487,102.6586952811549,110.77866056579163,NA,NA,NA,NA,NA,0
1994,11,1994-11-01,99.42754788113895,99.6538399542209,103.78059535972108,102.48073404607247,110.54881694454942,NA,NA,NA,NA,NA,0
1994,12,1994-12-01,99.67223159496284,99.77639139532558,103.59459275262556,102.51576553215607,110.99113452119005,NA,NA,NA,NA,NA,0
1995,1,1995-01-01,99.48065004214757,99.78496144205418,103.3940155819041,102.32013934151311,110.78350886840248,NA,NA,NA,NA,NA,0
1995,2,1995-02-01,99.38665369545964,99.92381390214442,103.35538639641454,102.12953223945479,110.59397666461638,NA,NA,NA,NA,NA,0
1995,3,1995-03-01,99.29196480823778,99.74316182968359,103.28263912000986,102.16228174340532,110.55553467416507,NA,NA,NA,NA,NA,0
1995,4,1995-04-01,99.35338623456433,99.64398280489364,103.12730703640014,101.96794061252513,110.59884113186875,NA,NA,NA,NA,NA,0
1995,5,1995-05-01,99.16264081502446,99.93614238661321,103.14692384571744,102.051882460083,110.75413634255737,NA,NA,NA,NA,NA,0
1995,6,1995-06-01,99.06786039400296,99.95602972780668,103.29689005753777,102.17912758611239,110.76262359033097,NA,NA,NA,NA,NA,0
1995,7,1995-07-01,98.90551345167961,100.05109811660971,103.4625344804668,102.01335320218784,110.73979583052989,NA,NA,NA,NA,NA,0
1995,8,1995-08-01,98.74474377194873,99.98092883810612,103.38125481472316,102.04343657662841,110.71837410212002,NA,NA,NA,NA,NA,0
1995,9,1995-09-01,98.58756098214896,100.13880030461937,103.21669158407356,102.17687780363666,111.1017006645472,NA,NA,NA,NA,NA,0
1995,10,1995-10-01,98.42338770137005,100.5430890939419,103.04480962736736,102.37986678505938,111.20219605524566,NA,NA,NA,NA,NA,0
1995,11,1995-11-01,98.2751794179263,100.70922440497765,102.88964229662075,102.22852955302541,111.24158838911286,NA,NA,NA,NA,NA,0
1995,12,1995-12-01,98.11669600097925,100.58685491925587,102.7237173685137,102.06172383881967,111.19537286224332,NA,NA,NA,NA,NA,0
1996,1,1996-01-01,97.95695594135576,100.9162325453478,102.55647679268928,102.4131572815241,111.58332720925466,NA,NA,NA,NA,NA,0
1996,2,1996-02-01,97.7990714602817,101.34724336351582,102.39117892319554,102.78547629557374,111.82728568553394,NA,NA,NA,NA,NA,0
1996,3,1996-03-01,97.63202736667179,101.4915898259532,102.21629135604906,102.6683876168499,111.68698604561021,NA,NA,NA,NA,NA,0
1996,4,1996-04-01,97.4624703806541,101.63246052402077,102.03877290486348,102.83696617039938,111.70157240862058,NA,NA,NA,NA,NA,0
1996,5,1996-05-01,97.29168789121067,101.62079020221984,101.85997140733953,102.85611962868799,111.73346993324577,NA,NA,NA,NA,NA,0
1996,6,1996-06-01,97.1290023754796,101.8304227178445,101.68964707295976,102.85288141797028,111.78270748210316,NA,NA,NA,NA,NA,0
1996,7,1996-07-01,96.95966512711185,102.03254210294513,101.51235867709778,102.88572943815272,111.79675860832161,NA,NA,NA,NA,NA,0
1996,8,1996-08-01,96.80026380241594,102.49298230951798,101.34547274133344,103.07285654816621,112.02593971357149,NA,NA,NA,NA,NA,0
1996,9,1996-09-01,96.6239551417041,102.61780917609076,101.36487648336316,103.14148956281662,111.86131516148077,NA,NA,NA,NA,NA,0
1996,10,1996-10-01,96.44466799233662,102.48427376613898,101.46836896683955,103.26400368919818,111.88360663754892,NA,NA,NA,NA,NA,0
1996,11,1996-11-01,96.25103157301311,102.58942789475377,101.47843732133903,103.60629035952107,112.22293776320154,NA,NA,NA,NA,NA,0
1996,12,1996-12-01,96.06379097457554,102.97845052020064,101.28240493238026,103.54074624301913,112.19075400967587,NA,NA,NA,NA,NA,0
1997,1,1997-01-01,95.963392765922,102.92144920988495,101.3595573639303,103.56794898273924,112.0485441054534,NA,NA,NA,NA,NA,0
1997,2,1997-02-01,96.17497822842391,102.7596482905564,101.61414780081864,103.59988075411079,112.20773397443743,NA,NA,NA,NA,NA,0
1997,3,1997-03-01,96.00772787595359,102.89078051148608,101.64551450824712,103.70633886492914,112.40625511145609,NA,NA,NA,NA,NA,0
1997,4,1997-04-01,96.01440735792215,103.0387404851809,101.90002868056196,103.74697290198019,112.49360561476814,NA,NA,NA,NA,NA,0
1997,5,1997-05-01,96.22780313749215,103.19670436524608,102.17297111218171,103.67510087010548,112.33750557551511,NA,NA,NA,NA,NA,0
1997,6,1997-06-01,96.08408932729427,103.28964255202419,102.43470428348819,103.60578647356881,112.43889518821533,NA,NA,NA,NA,NA,0
1997,7,1997-07-01,96.34605846161888,103.39534666968368,102.48652155755987,104.04252123870187,112.62274162402535,NA,NA,NA,NA,NA,0
1997,8,1997-08-01,96.7663434822031,103.25366699274474,102.6795678916248,104.02876607799602,112.5006897030066,NA,NA,NA,NA,NA,0
1997,9,1997-09-01,97.42424619888024,103.35991705355309,102.91799278043023,104.32482487651616,112.73679454253211,NA,NA,NA,NA,NA,0
1997,10,1997-10-01,98.0949347730506,103.23720248304363,103.0214028763282,104.34412426661525,112.98869361338981,NA,NA,NA,NA,NA,0
1997,11,1997-11-01,98.77924676472318,103.12936754599593,103.39874695457618,104.67351806162354,113.28781638453574,NA,NA,NA,NA,NA,0
1997,12,1997-12-01,99.47457749964002,103.33799210641072,103.77952592399961,105.22069494455933,113.64568344425837,NA,NA,NA,NA,NA,0
1998,1,1998-01-01,100.09681144857126,103.55345837230749,104.24871177412733,105.38599507264028,113.8961342815918,NA,NA,NA,NA,NA,0
1998,2,1998-02-01,100.42431830049189,103.97426737659775,104.55852646704207,105.54528740775274,113.91345278187111,NA,NA,NA,NA,NA,0
1998,3,1998-03-01,101.31032833721032,104.34181142071836,105.11562522158911,105.91832219429752,114.33571125265686,NA,NA,NA,NA,NA,0
1998,4,1998-04-01,102.11380750082503,104.79183754636585,105.46355130249745,106.32328674523461,114.7698260502427,NA,NA,NA,NA,NA,0
1998,5,1998-05-01,102.712306047268,105.27421173093225,105.79520255507512,106.60122677320808,115.09662822693001,NA,NA,NA,NA,NA,0
1998,6,1998-06-01,103.83168681882324,105.82389638807545,106.14556393482641,106.97739180048274,115.35329826366831,NA,NA,NA,NA,NA,0
1998,7,1998-07-01,104.54012786867129,106.30768387325477,106.70134650912549,107.19302898059561,115.55287422552209,NA,NA,NA,NA,NA,0
1998,8,1998-08-01,105.08550844597292,106.8342715285977,107.11149547448929,107.56914655631878,116.0361199155739,NA,NA,NA,NA,NA,0
1998,9,1998-09-01,105.42098271724727,107.1427135261049,107.30105228500322,107.66205147873451,116.35848657131157,NA,NA,NA,NA,NA,0
1998,10,1998-10-01,105.82582786837222,107.68634673128606,107.68639804738068,108.14419850976101,116.69337699613916,NA,NA,NA,NA,NA,0
1998,11,1998-11-01,106.2152253467224,108.23008023493979,107.92547914147586,108.43999953271035,117.07410438914441,NA,NA,NA,NA,NA,0
1998,12,1998-12-01,106.56106683169159,108.45819841005405,108.4004860134178,108.72094063811879,117.37525437498805,NA,NA,NA,NA,NA,0
1999,1,1999-01-01,107.25707414692697,108.96759844666408,108.7230177860344,108.94582292171168,117.6673677274276,NA,NA,NA,NA,NA,0
1999,2,1999-02-01,107.95379214583903,109.12579034326302,108.88351238075514,109.2187273889717,118.08113265839908,NA,NA,NA,NA,NA,0
1999,3,1999-03-01,108.4881204846599,109.52033457077678,109.20089647589877,109.48603481634193,118.26639257542485,NA,NA,NA,NA,NA,0
1999,4,1999-04-01,108.91035403613175,109.97596974925003,109.48459056438126,109.84034640899972,118.37266595844885,NA,NA,NA,NA,NA,0
1999,5,1999-05-01,109.33862123071506,110.13621045948047,109.74222109733685,110.28656553768016,118.82990439760466,NA,NA,NA,NA,NA,0
1999,6,1999-06-01,109.60016407825272,110.13030062959633,110.02169293235232,110.58702243442596,118.89841884288725,NA,NA,NA,NA,NA,0
1999,7,1999-07-01,109.84394084573962,110.35067186936446,110.31483957363015,110.87354026949919,119.3707108599139,NA,NA,NA,NA,NA,0
1999,8,1999-08-01,110.09870607744713,110.81675346688864,110.61819368485148,111.21323333065021,119.81583980497936,NA,NA,NA,NA,NA,0
1999,9,1999-09-01,110.31534491937195,111.24342107287039,111.05280443084636,111.51722478409849,120.01746460990549,NA,NA,NA,NA,NA,0
1999,10,1999-10-01,110.45839634777049,111.6739918427202,111.54865382178848,111.82382693330443,120.56708377260416,NA,NA,NA,NA,NA,0
1999,11,1999-11-01,110.60917628625185,112.09643590110609,111.75374835228232,111.9089616307837,120.85275420714069,NA,NA,NA,NA,NA,0
1999,12,1999-12-01,110.78041547077405,112.50598943393788,112.10592741235409,111.98173535517255,121.20716391768293,NA,NA,NA,NA,NA,0
2000,1,2000-01-01,110.58096055529144,112.6129265838078,112.30326341402893,112.22872771844985,121.38274771856221,NA,NA,NA,NA,NA,0
2000,2,2000-02-01,110.347655201549,112.8539728086582,112.62794077808398,112.39333042466379,121.75399518906609,NA,NA,NA,NA,NA,0
2000,3,2000-03-01,110.08259547832408,112.88076311818257,112.75651190533293,112.68262849105719,122.17776369023808,NA,NA,NA,NA,NA,0
2000,4,2000-04-01,109.86980260582652,112.78019817210935,112.93785167469944,112.72024893256885,122.4329262018907,NA,NA,NA,NA,NA,0
2000,5,2000-05-01,109.6555621994336,112.93098423419016,113.14972019479843,112.73656525318017,122.54121833931771,NA,NA,NA,NA,NA,0
2000,6,2000-06-01,109.41362516137102,113.15993415261933,113.30015912466597,113.00927866988694,122.9927945017734,NA,NA,NA,NA,NA,0
2000,7,2000-07-01,109.18906680300215,113.21023280296441,113.4355087538266,113.25766737138747,123.64650518739536,NA,NA,NA,NA,NA,0
2000,8,2000-08-01,109.23289860498663,112.97946135553133,113.57366945336231,113.54045140545988,123.84031720837768,NA,NA,NA,NA,NA,0
2000,9,2000-09-01,109.37780449929683,113.03301196019605,113.53508259808801,113.68841652887107,123.97390167374952,NA,NA,NA,NA,NA,0
2000,10,2000-10-01,109.52548539811083,112.97369854161558,113.31450390935483,113.75649058092635,123.95484401274123,NA,NA,NA,NA,NA,0
2000,11,2000-11-01,109.6683645982537,112.85184795130814,113.32229040534615,113.97193606900763,123.72170530543455,NA,NA,NA,NA,NA,0
2000,12,2000-12-01,109.81829493552937,112.79548783680545,113.32286575090863,114.25145684840166,124.02638219034436,NA,NA,NA,NA,NA,0
2001,1,2001-01-01,110.3179260046582,113.12189039316438,113.45895597596576,114.48702141824153,124.7322184696712,NA,NA,NA,NA,NA,0
2001,2,2001-02-01,110.4622603527595,113.00367471405166,113.53278695310361,114.73729954157866,124.80641733460142,NA,NA,NA,NA,NA,0
2001,3,2001-03-01,110.90813186092016,113.38397458064264,113.54967086762846,114.86904972767849,125.35184932387843,NA,NA,NA,NA,NA,0
2001,4,2001-04-01,111.06669573316736,113.73935675674907,113.71568002877486,115.11151931298828,126.01020128250491,NA,NA,NA,NA,NA,0
2001,5,2001-05-01,111.5760044268692,114.07694486709103,113.90269535631725,115.40357014079561,126.29771932367068,NA,NA,NA,NA,NA,0
2001,6,2001-06-01,112.09902096577774,114.3149960838144,114.0662721295944,115.46717738933773,126.76913613250467,NA,NA,NA,NA,NA,0
2001,7,2001-07-01,112.6477469574788,114.69372563066085,114.14140089279033,115.51038454342746,126.86850679678827,NA,NA,NA,NA,NA,0
2001,8,2001-08-01,112.93059594061397,115.15450736934827,114.50131066520733,115.43628213422173,127.29092766080967,NA,NA,NA,NA,NA,0
2001,9,2001-09-01,113.17792194031371,115.36073447770457,114.86553712304197,115.55385711710879,127.85196099778634,NA,NA,NA,NA,NA,0
2001,10,2001-10-01,113.40431150166842,115.90299805525713,115.24128013750537,115.87756488155547,128.17956070765166,NA,NA,NA,NA,NA,0
2001,11,2001-11-01,114.0173086001196,116.75146128239847,115.87334118306114,116.03405865372015,128.94717366326248,NA,NA,NA,NA,NA,0
2001,12,2001-12-01,114.42418401649995,117.24696945891638,116.13685478158294,116.14574769639377,129.1970003161568,NA,NA,NA,NA,NA,0
2002,1,2002-01-01,114.72780483656088,117.75340059220389,116.44249113659967,116.46637414798072,129.40897766259124,NA,NA,NA,NA,NA,0
2002,2,2002-02-01,115.39868938175407,118.46600349057535,116.82358670491493,116.78515368483383,130.01465138985765,NA,NA,NA,NA,NA,0
2002,3,2002-03-01,115.63381827135684,118.55677031906873,117.2900256334075,117.0777500152919,129.9130191089453,NA,NA,NA,NA,NA,0
2002,4,2002-04-01,116.47229048425766,118.78217348150666,117.55801001902593,117.36827568561044,130.19495810596476,NA,NA,NA,NA,NA,0
2002,5,2002-05-01,116.7426333540442,119.2529495928954,117.80634357329684,117.56377285888658,130.62796326775972,NA,NA,NA,NA,NA,0
2002,6,2002-06-01,117.01755774298394,119.84222551477373,117.90752049462344,117.81929180316611,130.59274771264288,NA,NA,NA,NA,NA,0
2002,7,2002-07-01,117.26774804292798,119.88583248902904,118.09942154414482,118.0859403718467,130.71549012093834,NA,NA,NA,NA,NA,0
2002,8,2002-08-01,117.49761660231735,120.17658924388672,118.12125723017536,118.32238985902498,130.91856609907856,NA,NA,NA,NA,NA,0
2002,9,2002-09-01,117.85791506265168,120.50979785068755,118.21647023000759,118.51790153121284,130.7696475656503,NA,NA,NA,NA,NA,0
2002,10,2002-10-01,118.05343771615662,120.33704259097453,118.28015941345032,118.34506422724904,131.0076729546042,NA,NA,NA,NA,NA,0
2002,11,2002-11-01,118.08185883789882,120.19953286435768,118.10572533987451,118.43069754910341,131.1566281049675,NA,NA,NA,NA,NA,0
2002,12,2002-12-01,118.10514996136372,120.24991380977308,118.13359719027001,118.50934838340291,131.35460972086955,NA,NA,NA,NA,NA,0
2003,1,2003-01-01,118.09310960522623,120.01423414220174,117.91923067798886,118.28010655431305,131.15113374816102,NA,NA,NA,NA,NA,0
2003,2,2003-02-01,117.84185595728839,120.00458162751555,117.85276210151825,118.12023109900184,131.09861912095278,NA,NA,NA,NA,NA,0
2003,3,2003-03-01,117.8957206485863,120.13286977820216,117.85028344151411,118.09212419178311,131.24679268847154,NA,NA,NA,NA,NA,0
2003,4,2003-04-01,117.84257526657927,120.16062247900243,117.84390725803905,118.21472422325725,131.33589792264945,NA,NA,NA,NA,NA,0
2003,5,2003-05-01,118.02580342072619,119.98005961799241,117.66833362569646,118.37382349862209,131.3891093362326,NA,NA,NA,NA,NA,0
2003,6,2003-06-01,118.21044097734031,119.80135922509238,117.68478905141141,118.23598466957061,131.81534481798852,NA,NA,NA,NA,NA,0
2003,7,2003-07-01,118.38736725979669,120.02174997151585,117.69410635098512,118.1486104059416,131.9217474132072,NA,NA,NA,NA,NA,0
2003,8,2003-08-01,118.49314777260082,119.87874429688021,117.86499455769318,118.17211074668472,131.77750277999797,NA,NA,NA,NA,NA,0
2003,9,2003-09-01,118.4617203864026,119.7217527926544,118.02910660593555,118.17053740136936,132.09067809861577,NA,NA,NA,NA,NA,0
2003,10,2003-10-01,118.62740910556653,119.80730091800785,118.20986144405764,118.62901561486487,132.31087161824544,NA,NA,NA,NA,NA,0
2003,11,2003-11-01,118.57410310132107,119.60995536927105,118.35923057257908,118.79766545533187,132.52644080823288,NA,NA,NA,NA,NA,0
2003,12,2003-12-01,118.72450353240943,119.51247728036192,118.52452464375061,118.67793209985885,132.2971716618387,NA,NA,NA,NA,NA,0
2004,1,2004-01-01,118.6505714212785,119.29507702869668,118.68062749794144,118.75093453552697,132.70542915757295,NA,NA,NA,NA,NA,0
2004,2,2004-02-01,118.81163640702172,119.31680640392582,118.8678855721244,118.9434909505537,132.77736086943509,NA,NA,NA,NA,NA,0
2004,3,2004-03-01,118.82549255989635,119.17465074394924,118.80476811265312,119.01586120181676,132.97978676278254,NA,NA,NA,NA,NA,0
2004,4,2004-04-01,118.60466986056434,119.09991418313629,119.13417005686992,119.07929526522862,132.98125819567474,NA,NA,NA,NA,NA,0
2004,5,2004-05-01,118.34069068617686,118.83598833353,119.408355811659,118.8981157573018,133.04778220120497,NA,NA,NA,NA,NA,0
2004,6,2004-06-01,118.05984191587886,118.55519629573469,119.67016729278214,119.09737420101051,132.84418429490867,NA,NA,NA,NA,NA,0
2004,7,2004-07-01,117.79928358653567,118.29469060014918,119.96123262700257,119.15196921362302,132.8418290570654,NA,NA,NA,NA,NA,0
2004,8,2004-08-01,117.62407775812622,118.06277232201481,119.78889199254226,119.18074587108758,133.0303651460115,NA,NA,NA,NA,NA,0
2004,9,2004-09-01,117.40392213520248,117.895215128847,119.81714441243798,119.52702222880083,133.3196601888205,NA,NA,NA,NA,NA,0
2004,10,2004-10-01,117.14363078259807,117.9027105797099,119.80380606446548,119.188417916905,133.0409320672729,NA,NA,NA,NA,NA,0
2004,11,2004-11-01,116.85883061171967,117.61796793953191,119.89377923775841,119.21793152065518,133.06919387588997,NA,NA,NA,NA,NA,0
2004,12,2004-12-01,116.59068246005222,117.34987395479466,119.94050569599334,119.33991441467361,133.2134416915078,NA,NA,NA,NA,NA,0
2005,1,2005-01-01,116.34796991408122,117.6396410758901,120.21876621889743,119.75161145854389,133.44111114677997,NA,NA,NA,NA,NA,0
2005,2,2005-02-01,116.09955432901091,117.48132817318113,120.14204402884688,119.96275681549889,133.99494496852284,NA,NA,NA,NA,NA,0
2005,3,2005-03-01,115.83770131864931,117.4406992924756,120.23404619604798,119.98501152050709,133.90447042466008,NA,NA,NA,NA,NA,0
2005,4,2005-04-01,115.5673616509403,117.55226218791226,119.95101286175223,119.87897421182186,133.87404441790457,NA,NA,NA,NA,NA,0
2005,5,2005-05-01,115.32334642227926,117.56722220994233,119.89329608905757,120.07338017772041,133.96237644041733,NA,NA,NA,NA,NA,0
2005,6,2005-06-01,115.10110497580612,117.34502565707311,119.8522778918889,119.9964583568835,133.8495425506479,NA,NA,NA,NA,NA,0
2005,7,2005-07-01,114.84782860274065,117.10116601077006,119.62718870104383,120.09589345901745,133.854839163081,NA,NA,NA,NA,NA,0
2005,8,2005-08-01,114.56154819474837,117.18099410140091,119.69019525583465,119.91801430682341,133.7036071321508,NA,NA,NA,NA,NA,0
2005,9,2005-09-01,114.20441239476477,117.16179759778426,119.42779052642167,119.6762397328923,133.5910353133693,NA,NA,NA,NA,NA,0
2005,10,2005-10-01,113.87378921403328,117.18403202436113,119.19266652238532,119.67744691239966,133.70394691985183,NA,NA,NA,NA,NA,0
2005,11,2005-11-01,113.5996579565997,117.42814268715928,118.9157178614321,119.48523069687668,133.6195144233411,NA,NA,NA,NA,NA,0
2005,12,2005-12-01,113.3306373421651,117.78100026952576,118.69102105141823,119.49835788526295,133.5854291604875,NA,NA,NA,NA,NA,0
2006,1,2006-01-01,113.22813190086596,117.7929032499681,118.50422765035678,119.31474531963316,133.55089459303673,NA,NA,NA,NA,NA,0
2006,2,2006-02-01,112.94770833169825,117.977650162046,118.55757823628909,119.04183627637244,133.2078619568043,NA,NA,NA,NA,NA,0
2006,3,2006-03-01,112.67788104933153,118.21476486976769,118.56802591492892,119.01140454998908,133.54397587397034,NA,NA,NA,NA,NA,0
2006,4,2006-04-01,112.5893918382463,118.14844147108425,118.5601703566076,118.87873892906315,133.6967869676402,NA,NA,NA,NA,NA,0
2006,5,2006-05-01,112.28403582579993,118.2125529764568,118.3642250018573,118.56190308932037,133.84699221767752,NA,NA,NA,NA,NA,0
2006,6,2006-06-01,111.96199815553014,118.63148998776992,118.17794237737654,118.58247999809798,134.26436712857688,NA,NA,NA,NA,NA,0
2006,7,2006-07-01,111.92489986513016,119.32423085440354,118.27842972871709,118.64195646932411,134.45010973739366,NA,NA,NA,NA,NA,0
2006,8,2006-08-01,111.94635977811363,119.51460116024114,118.26683121132375,118.66017492881606,134.7274424060947,NA,NA,NA,NA,NA,0
2006,9,2006-09-01,112.27833625174385,119.89397083840224,118.40946219813057,118.53761087154658,134.7511210976866,NA,NA,NA,NA,NA,0
2006,10,2006-10-01,112.6480013156496,120.13708099799426,118.64812785758578,118.6588234557752,134.88920196088444,NA,NA,NA,NA,NA,0
2006,11,2006-11-01,113.12562564350938,120.45956621223867,119.14817880164637,119.08123526787641,135.00017381916564,NA,NA,NA,NA,NA,0
2006,12,2006-12-01,113.28188540594383,120.64242088089755,119.42586467365454,119.24566813076092,135.60454051704264,NA,NA,NA,NA,NA,0
2007,1,2007-01-01,113.53832536155431,120.61264456663889,119.60894699480154,119.34137240372723,135.36709740593164,NA,NA,NA,NA,NA,0
2007,2,2007-02-01,113.96910847195448,120.62981058901009,119.7062390973944,119.54976950712785,135.5463741153852,NA,NA,NA,NA,NA,0
2007,3,2007-03-01,114.38245891281484,120.62973273776043,119.84605363680551,119.69033278214678,135.64034747208854,NA,NA,NA,NA,NA,0
2007,4,2007-04-01,114.61840229914263,120.67297752626862,120.00828700889132,119.93739561110851,135.74525703823414,NA,NA,NA,NA,NA,0
2007,5,2007-05-01,115.0486229540707,120.83113121632219,120.2677912658333,120.19232695035278,135.62944516941891,NA,NA,NA,NA,NA,0
2007,6,2007-06-01,115.48110201585786,120.87821137418925,120.56970100323582,120.3858893265011,135.7824294235658,NA,NA,NA,NA,NA,0
2007,7,2007-07-01,115.65404638145756,120.66698002593446,120.75281628215178,120.54835946698896,136.33384422595827,NA,NA,NA,NA,NA,0
2007,8,2007-08-01,115.90075319305969,120.63264436540354,120.93957471196815,121.23881415558327,136.56737597957064,NA,NA,NA,NA,NA,0
2007,9,2007-09-01,115.78930775514553,120.38179399461293,121.0278296875633,121.41929434573082,136.72895510418786,NA,NA,NA,NA,NA,0
2007,10,2007-10-01,115.62620173742097,120.07706103678093,121.00542195305503,121.53314918699624,137.03094861336595,NA,NA,NA,NA,NA,0
2007,11,2007-11-01,115.28545666324487,119.72376715577784,120.64867736094169,121.52029807844717,137.07441659455037,NA,NA,NA,NA,NA,0
2007,12,2007-12-01,115.55904492897814,119.38382158344037,120.47592809548607,121.63875758610645,136.9303774533393,NA,NA,NA,NA,NA,0
2008,1,2008-01-01,115.74236115643566,119.05295846290278,120.2470370499302,121.73319714878768,136.98488254094136,NA,NA,NA,NA,NA,0
2008,2,2008-02-01,116.06143253541188,118.73391411202759,120.18320203003893,122.01705022431891,137.1106234491967,NA,NA,NA,NA,NA,0
2008,3,2008-03-01,116.38725997660629,118.42372961298045,120.08810143312166,122.11281603740588,137.15809810915803,NA,NA,NA,NA,NA,0
2008,4,2008-04-01,116.70483961427043,118.11912664673874,119.97646298578634,122.21342767011564,137.27400693908345,NA,NA,NA,NA,NA,0
2008,5,2008-05-01,117.02019668337559,117.80204632763622,119.99659792912972,122.4523581951387,137.65755007823194,NA,NA,NA,NA,NA,0
2008,6,2008-06-01,117.28431982835859,117.52855956348229,119.74368362347967,122.48673751079122,137.70984280718434,NA,NA,NA,NA,NA,0
2008,7,2008-07-01,117.5173668713424,117.13373852377833,119.34500626635409,122.37018834808866,137.34964729200564,NA,NA,NA,NA,NA,0
2008,8,2008-08-01,117.66402606787095,116.75340995620557,119.21823784894606,122.18770332664315,137.54006594131047,NA,NA,NA,NA,NA,0
2008,9,2008-09-01,117.94014197784159,116.40325800905097,118.86466587874749,122.36972875529574,137.92143199746934,NA,NA,NA,NA,NA,0
2008,10,2008-10-01,118.31040902518745,116.29064372528725,119.15990075894348,122.59816894143222,138.21281855280088,NA,NA,NA,NA,NA,0
2008,11,2008-11-01,118.84893784731558,116.20068667028181,119.48149511700055,122.6067296331841,138.68754023425794,NA,NA,NA,NA,NA,0
2008,12,2008-12-01,119.15071145212283,116.28183688013303,119.72182782826387,122.79945046813516,138.9397094495388,NA,NA,NA,NA,NA,0
2009,1,2009-01-01,119.28749497820345,116.29270092966141,119.95672152247704,123.17894676675029,139.92737287044827,NA,NA,NA,NA,NA,0
2009,2,2009-02-01,119.30067457259999,116.358752596491,120.24376987669615,123.41483756163662,140.25107909428593,NA,NA,NA,NA,NA,0
2009,3,2009-03-01,119.3535271388396,116.41012665604154,120.50510154824403,123.76268159602985,140.46036011843015,NA,NA,NA,NA,NA,0
2009,4,2009-04-01,119.42297937891581,116.70944825995461,120.85772967879524,124.23171387301677,140.99064500559177,NA,NA,NA,NA,NA,0
2009,5,2009-05-01,119.5121493554739,117.01056754345093,121.00019653079421,124.40504224595183,141.07655459825028,NA,NA,NA,NA,NA,0
2009,6,2009-06-01,119.61369356091899,117.30789240162194,121.3097968681732,124.86591022238835,141.7168400044522,NA,NA,NA,NA,NA,0
2009,7,2009-07-01,119.75981999940429,117.44993107423093,121.77933724016201,125.42322439601787,142.23670835805837,NA,NA,NA,NA,NA,0
2009,8,2009-08-01,119.86915867988108,117.64895447108225,121.9545513242494,125.51887218121631,142.46105975337744,NA,NA,NA,NA,NA,0
2009,9,2009-09-01,119.97064373474227,117.74760056573527,122.37880762393647,125.89473538033323,142.50309039277164,NA,NA,NA,NA,NA,0
2009,10,2009-10-01,119.96932056924167,117.67422966792407,122.46984020471513,126.00690017970992,142.38877410147643,NA,NA,NA,NA,NA,0
2009,11,2009-11-01,119.82529509674576,117.77385274222354,122.66047649899674,126.26308589504146,142.4367354656087,NA,NA,NA,NA,NA,0
2009,12,2009-12-01,119.61935495302743,117.62354090359253,122.56794471611914,126.29848171141371,142.31021962722738,NA,NA,NA,NA,NA,0
2010,1,2010-01-01,119.39301790212424,117.88145065698426,122.66010735184003,126.24460065497841,142.19259953707035,NA,NA,NA,NA,NA,0
2010,2,2010-02-01,119.18490638850747,117.6259201296406,122.4025963396852,126.02324114537089,142.24169389291973,NA,NA,NA,NA,NA,0
2010,3,2010-03-01,118.95191120091084,117.49489346136758,122.3888906441981,125.89297254028834,142.2571379169391,NA,NA,NA,NA,NA,0
2010,4,2010-04-01,118.72793368485209,117.17633984915334,122.3186114602933,125.6547370277199,141.83858162422914,NA,NA,NA,NA,NA,0
2010,5,2010-05-01,118.51125436303066,116.75127818853356,122.17909702298627,125.75246726805138,142.12957591863224,NA,NA,NA,NA,NA,0
2010,6,2010-06-01,118.35791606688102,116.40694115815595,122.15845199851037,125.39387394087923,141.82935126783823,NA,NA,NA,NA,NA,0
2010,7,2010-07-01,118.19733632591127,116.25085350220766,121.92146724877442,125.16048386620069,141.79476911657358,NA,NA,NA,NA,NA,0
2010,8,2010-08-01,118.05215621059867,116.01699130492267,121.99851488406469,125.22787079583206,141.8407529849923,NA,NA,NA,NA,NA,0
2010,9,2010-09-01,117.91326889959507,116.18631539495294,122.04056602738622,125.08014217418992,142.05422812565408,NA,NA,NA,NA,NA,0
2010,10,2010-10-01,117.78078525950843,115.98547242027476,121.90186168291794,124.93922486937133,142.3010338003799,NA,NA,NA,NA,NA,0
2010,11,2010-11-01,117.65355069057935,115.82322609993278,121.66944928587495,125.00297897386288,142.44391744484724,NA,NA,NA,NA,NA,0
2010,12,2010-12-01,117.5100481072261,115.54004927451767,121.6031677603338,124.88361974290704,142.6677223247931,NA,NA,NA,NA,NA,0
2011,1,2011-01-01,117.35901645639908,115.38590227552712,121.44504449237235,124.59603009128004,142.76028935729727,NA,NA,NA,NA,NA,0
2011,2,2011-02-01,117.18087030569963,115.57876840960472,121.42957653281981,124.406543484451,142.40288505303377,NA,NA,NA,NA,NA,0
2011,3,2011-03-01,116.97790330860225,115.28602857358499,121.15415211861752,124.19065598181753,142.47169719305742,NA,NA,NA,NA,NA,0
2011,4,2011-04-01,116.8593410203333,115.1440382559418,120.90470005607334,123.93722403294873,142.33684101600582,NA,NA,NA,NA,NA,0
2011,5,2011-05-01,116.5952421594598,115.24424056305696,120.86894992461622,123.65631312458582,142.15664752774788,NA,NA,NA,NA,NA,0
2011,6,2011-06-01,116.32896886752107,115.11690134454714,120.65146276256093,123.61947923350175,141.9032428780083,NA,NA,NA,NA,NA,0
2011,7,2011-07-01,116.05483079774021,114.8504320598175,120.44754054521486,123.39047816156352,141.70649849235278,NA,NA,NA,NA,NA,0
2011,8,2011-08-01,115.7717284515522,114.63071606671262,119.94233608645679,123.08935404098112,141.50313649167572,NA,NA,NA,NA,NA,0
2011,9,2011-09-01,115.48500613028328,114.50926294523327,119.95922934527506,123.16824554546278,141.15111289134217,NA,NA,NA,NA,NA,0
2011,10,2011-10-01,115.22919288307413,114.30676232468237,119.69140451243344,122.89614769768293,140.84365561830472,NA,NA,NA,NA,NA,0
2011,11,2011-11-01,114.97336874325612,114.08735711185282,119.42356827552587,122.50559719728633,140.89672408512715,NA,NA,NA,NA,NA,0
2011,12,2011-12-01,114.73404438598133,114.22301256863716,119.37117084141875,122.3749934813299,141.09175833938951,NA,NA,NA,NA,NA,0
2012,1,2012-01-01,114.49150604280325,113.7460777561195,119.11724422922009,122.40389377386107,140.92339326314428,NA,NA,NA,NA,NA,0
2012,2,2012-02-01,114.2547983628363,113.33306833736155,118.86942205616567,122.15211771857608,140.77496541845656,NA,NA,NA,NA,NA,0
2012,3,2012-03-01,114.03876613532171,113.57996889005103,118.82920054609274,122.14453779743124,140.6748440753098,NA,NA,NA,NA,NA,0
2012,4,2012-04-01,114.02469788295411,113.94957741807163,118.84518794341533,122.20088457901691,141.01955898765829,NA,NA,NA,NA,NA,0
2012,5,2012-05-01,113.87648166610768,113.759219734483,118.69001230675701,122.04323319055302,141.16631456673485,NA,NA,NA,NA,NA,0
2012,6,2012-06-01,113.73109768656602,113.84804394169446,118.72001105387363,122.26868500448617,141.70582633454342,NA,NA,NA,NA,NA,0
2012,7,2012-07-01,113.59855002644773,113.71920419239389,118.77735389315187,122.12769960423852,141.54656678422165,NA,NA,NA,NA,NA,0
2012,8,2012-08-01,113.63257144371072,113.79925841039943,118.9339936045706,122.09798482151658,141.46434494652317,NA,NA,NA,NA,NA,0
2012,9,2012-09-01,113.56924599576656,113.63929571755308,118.79170511710396,121.92494301855189,141.73068025066505,NA,NA,NA,NA,NA,0
2012,10,2012-10-01,113.67616901979157,113.866802551817,118.78442141359037,121.98305757479152,141.96207788698646,NA,NA,NA,NA,NA,0
2012,11,2012-11-01,113.56442204755412,113.83087831059088,118.61864340350529,121.9322368868442,141.78539508984565,NA,NA,NA,NA,NA,0
2012,12,2012-12-01,113.5295269716847,113.76842277542279,118.73458393603184,122.31505049594989,141.77349005320883,NA,NA,NA,NA,NA,0
2013,1,2013-01-01,113.45084161745493,113.85816497128062,118.5913301796361,122.27844089566047,141.642856527648,NA,NA,NA,NA,NA,0
2013,2,2013-02-01,113.59178202078473,114.11616783434842,118.64790145809482,122.68225122914316,142.17164094254952,NA,NA,NA,NA,NA,0
2013,3,2013-03-01,113.68209881878029,114.22075364377311,118.80569497846628,122.78963204431535,142.57681356406425,NA,NA,NA,NA,NA,0
2013,4,2013-04-01,113.58232821347283,113.92895863029655,118.9113657304439,122.88134523947753,143.08946887109434,NA,NA,NA,NA,NA,0
2013,5,2013-05-01,113.75836635578742,113.95866778792566,119.05921656080855,123.13979500623229,143.0960653737157,NA,NA,NA,NA,NA,0
2013,6,2013-06-01,113.90840086815655,113.86134204455286,119.00750436481216,123.08613646389203,143.05843070665685,NA,NA,NA,NA,NA,0
2013,7,2013-07-01,114.04995791177093,113.85278765413605,118.96875936904937,123.30313686130492,143.3505538492806,NA,NA,NA,NA,NA,0
2013,8,2013-08-01,114.14871185112321,114.21677850841952,119.02935636422396,123.20898194631054,143.32636389342002,NA,NA,NA,NA,NA,0
2013,9,2013-09-01,114.2385042811406,114.33362368856183,119.01946295541734,123.2104893431722,143.44687571815274,NA,NA,NA,NA,NA,0
2013,10,2013-10-01,114.43387984558171,114.37621450889783,118.89061980661097,123.11232267010787,143.1620114707398,NA,NA,NA,NA,NA,0
2013,11,2013-11-01,114.85276196219233,114.81605279861226,119.27249998725789,123.58060195822246,143.21083144855805,NA,NA,NA,NA,NA,0
2013,12,2013-12-01,114.89592795470601,114.68581137171567,119.28552798682176,123.65198728492743,143.45289926667542,NA,NA,NA,NA,NA,0
2014,1,2014-01-01,115.05287865200265,114.99015351314819,119.60076715251402,123.86962887291062,143.54167168571735,NA,NA,NA,NA,NA,0
2014,2,2014-02-01,115.23598181556721,115.1982680044456,119.77950208739564,123.76357620722483,143.29970494582994,NA,NA,NA,NA,NA,0
2014,3,2014-03-01,115.47209203073858,115.28779709530481,119.73664936397233,123.56209717697986,142.8808145948355,NA,NA,NA,NA,NA,0
2014,4,2014-04-01,115.31441179967823,114.99626492935394,119.45604582035828,123.50956668233952,142.37092407882852,NA,NA,NA,NA,NA,0
2014,5,2014-05-01,115.26228260763766,115.14219820416913,119.11180669599953,123.33157677676513,142.25686958842863,NA,NA,NA,NA,NA,0
2014,6,2014-06-01,115.39187441470455,115.20932251042025,119.00901743677197,123.34296288841561,141.9500913915096,NA,NA,NA,NA,NA,0
2014,7,2014-07-01,115.51961360571374,115.75608580846931,119.1596350589238,123.19459700430346,141.73721449150955,NA,NA,NA,NA,NA,0
2014,8,2014-08-01,115.83161665127619,115.74420604737834,119.2166756487024,123.33701722372606,142.0405178680926,NA,NA,NA,NA,NA,0
2014,9,2014-09-01,116.14606789905835,115.9212302246977,119.36727862494187,123.44540022212443,141.996332828242,NA,NA,NA,NA,NA,0
2014,10,2014-10-01,116.01716732809238,116.1052825179545,119.2382794011762,123.45206827521442,142.24376339897927,NA,NA,NA,NA,NA,0
2014,11,2014-11-01,115.9120701151169,115.999519763879,119.13534132082185,123.15952053436186,142.36928692072166,NA,NA,NA,NA,NA,0
2014,12,2014-12-01,116.12834943620437,116.3748613189197,119.24146667280962,123.2693580538557,142.55124331938802,NA,NA,NA,NA,NA,0
2015,1,2015-01-01,116.52560913635799,116.38073837504734,119.3873185711302,123.47926306003572,142.64680487014567,NA,NA,NA,NA,NA,0
2015,2,2015-02-01,116.79507080945034,116.36403049051653,119.47388891216147,123.64892187257396,143.3613980277155,NA,NA,NA,NA,NA,0
2015,3,2015-03-01,117.0612430708381,116.34455542507303,119.55741394419667,124.01751028828176,144.0090563473673,NA,NA,NA,NA,NA,0
2015,4,2015-04-01,117.62140094261149,116.77794314148147,119.72574040917779,124.12344977468896,144.14590306856763,NA,NA,NA,NA,NA,0
2015,5,2015-05-01,118.34372021936176,116.892928637449,120.21218782257097,124.50719177747966,144.5442801514395,NA,NA,NA,NA,NA,0
2015,6,2015-06-01,118.88567891410442,117.04382372738797,120.51538801298477,124.57843146118365,144.93972148472784,NA,NA,NA,NA,NA,0
2015,7,2015-07-01,119.43203480070805,117.0777778288984,120.77903733118788,124.90408188573078,145.49407869903058,NA,NA,NA,NA,NA,0
2015,8,2015-08-01,119.62648141181847,117.05454729362738,120.95339744245288,125.58687759383498,146.09292876289197,NA,NA,NA,NA,NA,0
2015,9,2015-09-01,120.01783347328076,117.06781381628836,120.94675207533326,125.80325660444764,146.6438750372091,NA,NA,NA,NA,NA,0
2015,10,2015-10-01,120.57690926724369,117.2794908694342,121.38375856311616,126.28602656021924,147.1260744608328,NA,NA,NA,NA,NA,0
2015,11,2015-11-01,121.12034374865041,117.47564703587236,121.63929981230123,127.00291565049568,147.7529393651269,NA,NA,NA,NA,NA,0
2015,12,2015-12-01,121.6553369891017,117.8840227136878,121.75307748013726,127.19840506783693,148.4051324383016,NA,NA,NA,NA,NA,0
2016,1,2016-01-01,121.96743949496079,118.37373184980659,121.84796212370777,127.19095312743202,148.89345025102898,NA,NA,NA,NA,NA,0
2016,2,2016-02-01,122.18798020462856,118.78734320949947,122.0807637793708,127.63777746961769,149.0312888183846,NA,NA,NA,NA,NA,0
2016,3,2016-03-01,122.40352184058816,119.16186604464639,122.24908208252091,128.27093161749815,149.66793126843788,NA,NA,NA,NA,NA,0
2016,4,2016-04-01,122.59457740396536,119.65844895724264,122.57131524157006,128.6589119725336,150.20804346472806,NA,NA,NA,NA,NA,0
2016,5,2016-05-01,122.65510047331726,120.23482502284992,122.6633304688151,128.94431845906314,150.66068667839667,NA,NA,NA,NA,NA,0
2016,6,2016-06-01,122.5709682168736,120.59297563452752,122.8696595590884,129.2717169183264,150.93713832493003,NA,NA,NA,NA,NA,0
2016,7,2016-07-01,122.59580134875583,121.39628228120884,123.08883279321634,129.38699853099533,151.33636119404525,NA,NA,NA,NA,NA,0
2016,8,2016-08-01,122.5714149955417,122.0106893760432,123.29437272371179,129.29176416788846,151.37096569914021,NA,NA,NA,NA,NA,0
2016,9,2016-09-01,122.61657860673904,122.64880010449666,123.76029842491053,129.66997924412067,151.88289206266342,NA,NA,NA,NA,NA,0
2016,10,2016-10-01,123.03296438415661,123.16246429692698,124.20460641246515,130.11360930938056,152.04131935568242,NA,NA,NA,NA,NA,0
2016,11,2016-11-01,123.17213573382966,123.678857851303,124.17566325547836,130.1091476824942,152.29077341063046,NA,NA,NA,NA,NA,0
2016,12,2016-12-01,123.2633036334388,123.94794350080589,124.30102379968665,130.06194643438567,152.1282582524195,NA,NA,NA,NA,NA,0
2017,1,2017-01-01,123.61927516097988,124.04877512578427,124.50242157734934,130.28889524166578,152.34291754649496,NA,NA,NA,NA,NA,0
2017,2,2017-02-01,123.9555469241251,124.22892858952534,124.6745172295104,130.3378610946269,152.75174255058025,NA,NA,NA,NA,NA,0
2017,3,2017-03-01,124.32112070810129,124.47195398936685,124.830847461396,130.32937320761434,152.7968780825031,NA,NA,NA,NA,NA,0
2017,4,2017-04-01,124.69988516473028,124.58178291616447,124.94174911522991,130.52037752008968,153.40392306978757,NA,NA,NA,NA,NA,0
2017,5,2017-05-01,125.23091435208943,124.63965770319386,125.19222796024931,130.6861752147916,153.6198766451952,NA,NA,NA,NA,NA,0
2017,6,2017-06-01,125.86180500590177,124.9258976901269,125.39868403808308,130.85084546419228,153.9316646566069,NA,NA,NA,NA,NA,0
2017,7,2017-07-01,126.7220949151255,124.7720014669336,125.53816114478973,131.24197011607245,154.44093978466896,NA,NA,NA,NA,NA,0
2017,8,2017-08-01,127.67302517639439,124.78450325223824,125.66857153948817,131.38706603405942,154.44358859009645,NA,NA,NA,NA,NA,0
2017,9,2017-09-01,128.04733014404758,124.60353256454367,125.63024931165909,131.20467921764043,154.24256413919773,NA,NA,NA,NA,NA,0
2017,10,2017-10-01,128.4222629793972,124.7390709707478,125.47288671987877,131.20848728898466,154.76153585973566,NA,NA,NA,NA,NA,0
2017,11,2017-11-01,129.0650442207285,124.55487010260832,125.5800965122129,131.01617376680727,154.7173584901664,NA,NA,NA,NA,NA,0
2017,12,2017-12-01,129.73129074371403,124.4486903561375,125.5435462838191,131.07579474976635,154.85471996546949,NA,NA,NA,NA,NA,0
2018,1,2018-01-01,130.09588492719956,124.52452945520473,125.64878128933829,131.1492001285656,154.98884037081962,NA,NA,NA,NA,NA,0
2018,2,2018-02-01,130.45140064302444,124.76195879550203,125.6578872425847,131.32288459942794,154.98938280893074,NA,NA,NA,NA,NA,0
2018,3,2018-03-01,130.78987951423386,124.98277247315151,125.73804048656673,131.3456742250613,155.34748783076515,NA,NA,NA,NA,NA,0
2018,4,2018-04-01,131.1225542355987,125.19815050752156,125.95552217292757,131.49629939012806,155.61906157553852,NA,NA,NA,NA,NA,0
2018,5,2018-05-01,131.1541211241826,125.39088979611856,125.9965323888076,131.25447528370887,155.55899160481263,NA,NA,NA,NA,NA,0
2018,6,2018-06-01,131.24096461761172,125.37214638518887,125.86675987775742,131.25435845858044,155.83058840304795,NA,NA,NA,NA,NA,0
2018,7,2018-07-01,130.98728504469835,125.97894787527838,126.22396010717542,131.4313625177744,155.93219369232463,NA,NA,NA,NA,NA,0
2018,8,2018-08-01,130.75093000259807,126.17986204835371,126.2622774235118,131.58928999300448,156.71037579250313,NA,NA,NA,NA,NA,0
2018,9,2018-09-01,130.9197281884829,126.60787215573019,126.47926670020772,131.80071458663576,156.7084748412651,NA,NA,NA,NA,NA,0
2018,10,2018-10-01,130.69801331194327,126.9322169282602,126.81835167972879,131.8293964920511,156.95377164430695,NA,NA,NA,NA,NA,0
2018,11,2018-11-01,130.48837911255336,127.57606713703498,127.18593434350247,132.04610072385074,157.37798093417152,NA,NA,NA,NA,NA,0
2018,12,2018-12-01,130.28721823762547,128.15228920680343,127.69137287076397,132.58191630837712,157.67068722091128,NA,NA,NA,NA,NA,0
2019,1,2019-01-01,130.13267393038396,128.59199713053212,127.95134171178297,132.69282529349613,158.02199576538024,NA,NA,NA,NA,NA,0
2019,2,2019-02-01,129.98182298678034,129.02853203365808,128.20017802951415,132.99717232373519,158.13720164692026,NA,NA,NA,NA,NA,0
2019,3,2019-03-01,129.81823815168076,129.28747021571087,128.32310979664288,133.01307250645004,158.48575182570104,NA,NA,NA,NA,NA,0
2019,4,2019-04-01,129.65034056585463,129.92563512470866,128.4280739861406,133.20647739042607,158.28007207142647,NA,NA,NA,NA,NA,0
2019,5,2019-05-01,129.57905085377425,130.60598204953257,128.69394547437415,133.57816798781408,158.79531501363337,NA,NA,NA,NA,NA,0
2019,6,2019-06-01,129.4263724905125,131.3624629116131,129.13431328064323,133.7121107825202,158.90647187963708,NA,NA,NA,NA,NA,0
2019,7,2019-07-01,129.27091819551856,131.6210295061032,129.39906731620772,134.00828032328442,158.84877934285402,NA,NA,NA,NA,NA,0
2019,8,2019-08-01,129.11804873828103,132.30348430169516,129.6825344998936,134.30006445641138,158.68231567926844,NA,NA,NA,NA,NA,0
2019,9,2019-09-01,128.98091514253858,132.79042830977735,129.90645164544256,134.61445470586082,159.18466765906726,NA,NA,NA,NA,NA,0
2019,10,2019-10-01,128.84353309067387,133.0660841214532,129.99305593892305,134.9277866396261,159.0495343717898,NA,NA,NA,NA,NA,0
2019,11,2019-11-01,129.14264596697015,133.74806009971368,130.406709688159,135.23321433713792,158.87237736386888,NA,NA,NA,NA,NA,0
2019,12,2019-12-01,128.97654630312397,134.34417352939326,130.45333883151088,135.21289788627587,158.91888857437235,NA,NA,NA,NA,NA,0
2020,1,2020-01-01,128.91351222540152,134.9763519687953,130.69201760854966,135.71571324333257,159.2065775195929,NA,NA,NA,NA,NA,0
2020,2,2020-02-01,129.2642949548779,135.45504362982422,130.93854764227552,136.15644147447753,160.1365718515818,129.2642949548779,135.45504362982422,130.93854764227552,136.15644147447753,160.1365718515818,0
2020,3,2020-03-01,NA,NA,NA,NA,NA,129.6716529359313,136.15603485271876,131.37151959091668,136.6467816569357,160.62965029171951,1
2020,4,2020-04-01,NA,NA,NA,NA,NA,131.75626322136438,137.38096419584278,132.79876062551085,137.78590654364615,161.6164101180221,1
2020,5,2020-05-01,NA,NA,NA,NA,NA,133.0040077273234,138.56942571038135,134.08533042323552,139.30187969103795,163.51490166768468,1
2020,6,2020-06-01,NA,NA,NA,NA,NA,134.25149798936252,139.86285798450896,135.34426233923548,140.77807910880856,164.7179876885914,1
2020,7,2020-07-01,NA,NA,NA,NA,NA,135.21318388399058,140.99599903724265,136.18575125769124,141.88211866081707,165.89889029095474,1
2020,8,2020-08-01,NA,NA,NA,NA,NA,136.4114909774169,142.09992887097414,137.39201841104915,143.00720544104482,167.56491993055914,1
2020,9,2020-09-01,NA,NA,NA,NA,NA,137.3314837015923,143.10672990059945,137.87441875886304,143.72686787390887,168.44021148672,1
2020,10,2020-10-01,NA,NA,NA,NA,NA,138.26001755891474,143.96678549109865,138.6298557977425,144.45575693467666,169.54428687487268,1
2020,11,2020-11-01,NA,NA,NA,NA,NA,138.860910919911,144.64935980268822,138.8572807064128,144.92944104832242,170.037254762968,1
2020,12,2020-12-01,NA,NA,NA,NA,NA,139.76921858365733,145.37411606616877,139.23879787399588,145.3404466660646,170.68763297794175,1
2021,1,2021-01-01,NA,NA,NA,NA,NA,140.52910348717944,146.01498657932115,139.347359357576,145.46694211857363,170.9120004151365,1
2021,2,2021-02-01,NA,NA,NA,NA,NA,140.85431446182366,146.62197861803853,139.6975736959732,145.9666690897962,171.1937297002446,1
2021,3,2021-03-01,NA,NA,NA,NA,NA,141.18899281866555,147.12999065002657,140.29772045592293,146.17574431395482,170.9566879536394,1
2021,4,2021-04-01,NA,NA,NA,NA,NA,139.97414624922,146.7001075560394,139.48679247226664,145.52615085444202,170.72172686957043,1
2021,5,2021-05-01,NA,NA,NA,NA,NA,139.71921431571806,146.22530542629025,138.77107904100373,144.71106096781907,169.3841314225943,1
2021,6,2021-06-01,NA,NA,NA,NA,NA,139.745199366221,145.72369729415848,137.94548409163502,143.87624122574562,168.80337480679987,1
2021,7,2021-07-01,NA,NA,NA,NA,NA,139.81404629729533,145.2047739784316,137.17913215456832,143.02545408147063,167.57934903358054,1
2021,8,2021-08-01,NA,NA,NA,NA,NA,140.05938304116376,144.67305538683192,136.5916987787,142.16302283575197,166.4447274614713,1
2021,9,2021-09-01,NA,NA,NA,NA,NA,140.55101909250567,144.2078508513413,136.69038602136004,142.43037226313228,166.42886519233787,1
2021,10,2021-10-01,NA,NA,NA,NA,NA,140.97088156632498,143.82939878189197,136.44220378706228,141.94342070222123,165.49192445476552,1
2021,11,2021-11-01,NA,NA,NA,NA,NA,141.20635681983933,143.14883119469374,136.38399949540667,141.6954499530069,165.35005394862995,1
2021,12,2021-12-01,NA,NA,NA,NA,NA,141.5375869977768,142.7401647047728,136.2901771182131,141.51219503013712,165.00028900319904,1
2022,1,2022-01-01,141.8464964331216,142.31894480168805,136.21624009158054,141.3403029609328,164.7578200510688,141.8464964331216,142.31894480168805,136.21624009158054,141.3403029609328,164.7578200510688,0
2022,2,2022-02-01,142.46601714342376,142.3368365634316,136.028471373044,140.91506556220978,164.46093921312894,NA,NA,NA,NA,NA,0
2022,3,2022-03-01,142.59368216797353,142.00702038450297,135.45487533855623,140.810099641443,164.21639444640675,NA,NA,NA,NA,NA,0
2022,4,2022-04-01,142.64554082728668,142.01070822854624,135.42598476164628,140.74883599646074,164.2008932229993,NA,NA,NA,NA,NA,0
2022,5,2022-05-01,142.85654086567857,141.9975065511974,135.3832995675407,140.78821056705544,164.61472779630714,NA,NA,NA,NA,NA,0
2022,6,2022-06-01,143.00093490731538,141.9363189962507,135.37541151178368,140.77753483074298,164.85773791640796,NA,NA,NA,NA,NA,0
2022,7,2022-07-01,143.15073952626184,141.91495241538374,135.47957267003522,140.80830199445458,165.76713227524795,NA,NA,NA,NA,NA,0
2022,8,2022-08-01,143.33834296887028,142.22257126325803,135.51085072893292,140.85813707880902,166.07110281261828,NA,NA,NA,NA,NA,0
2022,9,2022-09-01,143.52423352812414,142.58687121568673,135.4068558496786,140.56574822163935,165.76175433864893,NA,NA,NA,NA,NA,0
2022,10,2022-10-01,143.30743993934934,142.78717884038622,135.6321455340926,140.97771225670954,166.8698654176689,NA,NA,NA,NA,NA,0
2022,11,2022-11-01,143.5597646451962,143.03244497193953,135.64956200548986,140.92506639477017,167.24566828919188,NA,NA,NA,NA,NA,0
2022,12,2022-12-01,143.86605446414126,143.33924724594377,135.79292562511515,140.81949840133078,167.43935827265247,NA,NA,NA,NA,NA,0
2023,1,2023-01-01,144.17654905314635,143.70937424682867,136.33592949764568,140.97097226184107,169.1458322992307,NA,NA,NA,NA,NA,0
2023,2,2023-02-01,144.64830065455573,143.83075866839587,136.75221715693735,141.15199850604898,170.06803692319468,NA,NA,NA,NA,NA,0
2023,3,2023-03-01,145.53885870334815,144.22662798550448,137.00054959908474,141.25736946821664,171.12111995601464,NA,NA,NA,NA,NA,0
2023,4,2023-04-01,146.0044997761721,144.42413334793727,136.94260984265696,140.8427782024245,171.83435926272477,NA,NA,NA,NA,NA,0
2023,5,2023-05-01,146.45445574196154,144.6711871869827,137.14449997901866,140.98881816709743,172.29784354097347,NA,NA,NA,NA,NA,0
2023,6,2023-06-01,147.21212576259728,145.00369071339355,137.50442295431154,141.22180240253073,172.50644127144182,NA,NA,NA,NA,NA,0
2023,7,2023-07-01,148.06654959617723,145.3339485110996,137.78758084931542,141.48006135133522,173.37681793324722,NA,NA,NA,NA,NA,0
2023,8,2023-08-01,148.11514051476797,145.34496071518447,137.8879149660427,141.6991946365859,174.44421521119628,NA,NA,NA,NA,NA,0
2023,9,2023-09-01,148.61349474302108,145.29093487121395,138.15574093235315,141.60309252821025,175.92276649303395,NA,NA,NA,NA,NA,0
2023,10,2023-10-01,149.5075748810376,145.46546329289433,138.40455629291063,141.3975615797283,176.07174941442372,NA,NA,NA,NA,NA,0
2023,11,2023-11-01,150.07638055439668,145.8766971775887,138.53445471760574,141.80088422569654,176.80665665016113,NA,NA,NA,NA,NA,0
2023,12,2023-12-01,150.64774098720903,146.20551341630411,139.10494847753893,142.24011545197936,177.29569367965115,NA,NA,NA,NA,NA,0
2024,1,2024-01-01,151.50249454212653,146.62129788589246,139.05366347680305,142.85214796304837,177.56226834947032,NA,NA,NA,NA,NA,0
2024,2,2024-02-01,151.61185581425366,146.63730228269932,138.97148863138267,142.84487280208003,177.49705501284302,NA,NA,NA,NA,NA,0
2024,3,2024-03-01,151.7032490641117,146.74415323672864,139.23027350314166,142.7806031990968,177.3028632788769,NA,NA,NA,NA,NA,0
2024,4,2024-04-01,152.6035422957718,147.10574882123663,139.50583740616622,143.61506027500124,178.1837827998359,NA,NA,NA,NA,NA,0
2024,5,2024-05-01,152.72558092519304,147.13472538124103,139.30228334981285,143.45461295713656,177.56775671276185,NA,NA,NA,NA,NA,0
2024,6,2024-06-01,152.40286818967485,147.52758926496335,139.48228435142414,143.88928432749157,178.79671131392527,NA,NA,NA,NA,NA,0
2024,7,2024-07-01,152.57345061857905,147.9166985414774,139.65902503301103,144.16847365287276,178.57154607840968,NA,NA,NA,NA,NA,0
2024,8,2024-08-01,153.39712375203558,148.32404528661644,139.85339411577627,144.49540393202236,178.9633041773452,NA,NA,NA,NA,NA,0
2024,9,2024-09-01,153.11482885143474,148.75146640830715,139.80448738449658,144.6868105732064,179.08129748060438,NA,NA,NA,NA,NA,0
2024,10,2024-10-01,153.68893934837374,149.16045440317313,139.64349013932542,145.0156866890492,179.87603534542617,NA,NA,NA,NA,NA,0
2024,11,2024-11-01,153.8233617960706,149.3463908628203,140.10654961853083,145.2103231315431,180.09010724486853,NA,NA,NA,NA,NA,0
2024,12,2024-12-01,154.2039202706524,149.30088265984458,140.07779869652438,145.65705017921877,181.09614483447766,NA,NA,NA,NA,NA,0
2025,1,2025-01-01,154.48973879511976,149.2194323407947,140.3807046654432,145.59634175372238,180.31062904112,NA,NA,NA,NA,NA,0
2025,2,2025-02-01,155.05311293364997,149.25328295126718,140.32037930291847,145.56125076033638,179.8215804836486,NA,NA,NA,NA,NA,0
2025,3,2025-03-01,155.43536833311347,149.32538535750132,140.61948807432893,146.34972692599726,180.39890030691805,NA,NA,NA,NA,NA,0
2025,4,2025-04-01,155.58175629404536,149.3461453967699,140.97593327065218,146.8449261213624,180.19890189008404,NA,NA,NA,NA,NA,0
2025,5,2025-05-01,155.93684225660726,149.393115295991,141.1399889264936,147.009485895608,180.7552021744675,NA,NA,NA,NA,NA,0
2025,6,2025-06-01,156.3602478898846,149.07347940286192,140.84113905786486,146.57644556798135,179.2614231562288,NA,NA,NA,NA,NA,0
2025,7,2025-07-01,156.12182933814583,149.09631273491868,141.00212989257952,146.2684843325761,179.1146589986921,NA,NA,NA,NA,NA,0
2025,8,2025-08-01,155.99346285541571,149.10648731046305,141.15093065960636,146.54184708806415,178.71016336210423,NA,NA,NA,NA,NA,0
2025,9,2025-09-01,156.5234388603087,149.27464811850413,141.12760960727624,146.67257715435792,178.73364419391302,NA,NA,NA,NA,NA,0
2025,10,2025-10-01,156.28580474552268,149.25462681398724,141.25073935499407,146.78724123982204,178.24293085760436,NA,NA,NA,NA,NA,0
2025,11,2025-11-01,156.38679132988997,149.63053097453357,141.08297356142597,146.6798754845779,177.81818508233704,NA,NA,NA,NA,NA,0
2025,12,2025-12-01,156.18824106574544,149.37452758838083,140.43726963362582,146.06943818188108,177.36768889246932,NA,NA,NA,NA,NA,0
2026,1,2026-01-01,155.80433373023263,149.63334017288963,140.18981781179545,146.0005895528216,177.4925408888374,NA,NA,NA,NA,NA,0
2026,2,2026-02-01,155.41155159264508,149.99374771278832,140.58116054574052,146.1496065546802,177.77744504730535,NA,NA,NA,NA,NA,0
2026,3,2026-03-01,155.18265390077605,150.27853489367462,140.37529918477784,145.7026714910461,177.0119638610294,NA,NA,NA,NA,NA,0
2026,4,2026-04-01,154.7080854490324,150.1998527306415,139.99800607039262,145.1214083561975,176.30829562492616,NA,NA,NA,NA,NA,0
2026,5,2026-05-01,154.4189645681845,150.42314521950084,140.23623883701748,145.5824037631626,177.09526484044858,NA,NA,NA,NA,NA,0
2026,6,2026-06-01,154.0845300205581,150.69445345421173,140.37461926265473,145.77657137572115,177.7644088368197,NA,NA,NA,NA,NA,0
2026,7,2026-07-01,154.09611804737523,150.6071204176963,140.1701049569186,146.13892839966877,178.30922181866643,NA,NA,NA,NA,NA,0
2026,8,2026-08-01,153.62502388634874,150.51246064712313,139.74265268800008,145.377302902147,177.53315889941527,NA,NA,NA,NA,NA,0
