year_int,month_int,date_dt,month_idx_int,window_n_int,era_slug_chr,covid_flag_int,r50_10,r90_50,r90_10,r50_10_level_num,r90_50_level_num,r90_10_level_num
1982,1,1982-01-01,23784,1,NA,0,97.66366696239011,97.58216464219255,95.30232029084213,1.8656716417910448,2,3.7313432835820897
1982,2,1982-02-01,23785,2,NA,0,98.49004160618294,97.96577813575311,96.48653564572412,1.881457898711064,2.0078623690090738,3.777708513696831
1982,3,1982-03-01,23786,3,NA,0,97.99134394648101,98.4279564089109,96.45087730414829,1.8719312639811623,2.017334966278308,3.7763123932987486
1982,4,1982-04-01,23787,4,NA,0,98.69309490817443,98.96989664368745,97.6764540250766,1.8853368313692391,2.0284423287100326,3.8242970326254135
1982,5,1982-05-01,23788,5,NA,0,98.54602993096383,98.95919816635725,97.52036104446023,1.8825274451766427,2.0282230575477374,3.818185570773701
1982,6,1982-06-01,23789,6,NA,0,99.04006997939028,99.04289044463611,98.09214800597846,1.8919651054337911,2.0299383767064327,3.840572574909485
1982,7,1982-07-01,23790,7,NA,0,99.21163000840089,99.14978515943345,98.36811800650149,1.8952424212559913,2.0321292425309263,3.851377545919416
1982,8,1982-08-01,23791,8,NA,0,99.34714631517632,99.10637459977656,98.45935498130675,1.8978311928884195,2.031239519294799,3.8549497199453477
1982,9,1982-09-01,23792,9,NA,0,99.58872075718827,99.35340758765295,98.94478764521881,1.902445995914572,2.036302595908895,3.8739557200573267
1982,10,1982-10-01,23793,10,NA,0,99.78196010366213,99.5501522197484,99.33309317104427,1.9061374523180405,2.0403349850819956,3.8891589303395624
1982,11,1982-11-01,23794,11,NA,0,99.86117824470485,99.87992422808155,99.74126916408065,1.9076507585849014,2.0470938433127457,3.90514012309004
1982,12,1982-12-01,23795,12,stagnation1,0,100,100,100,1.9103026742887994,2.049554862134346,3.9152701342368523
1983,1,1983-01-01,23796,12,stagnation1,0,100.41987890736722,100.08227528697431,100.50249965091751,1.9183236322850101,2.0512411392788628,3.9349443529938704
1983,2,1983-02-01,23797,12,stagnation1,0,100.40386725884338,100.38806494483813,100.79349947093677,1.9180177613350613,2.057508466079515,3.9463377820377668
1983,3,1983-03-01,23798,12,stagnation1,0,100.68797868897786,100.56519121219087,101.25705829626058,1.9234451495828804,2.06113876610416,3.9644873622802894
1983,4,1983-04-01,23799,12,stagnation1,0,100.95922680472428,100.69500450116306,101.66089797535653,1.928626809591942,2.063799360679986,3.980298776626131
1983,5,1983-05-01,23800,12,stagnation1,0,101.34104184624142,100.73360154718856,102.08448129716244,1.935920632540881,2.0645904283134415,3.9968832079184065
1983,6,1983-06-01,23801,12,stagnation1,0,101.40765918945146,101.00621825489965,102.42804156808211,1.9371932254297626,2.0701778573013248,4.0103345205988274
1983,7,1983-07-01,23802,12,stagnation1,0,101.68907532461901,101.23462744521586,102.944556557363,1.9425691253857487,2.0748592289670125,4.030557477712999
1983,8,1983-08-01,23803,12,stagnation1,0,102.00941293631276,101.4368579359385,103.47514328149246,1.9486885433486871,2.0790040538223367,4.0513313812590654
1983,9,1983-09-01,23804,12,stagnation1,0,102.08038000355157,101.42531895092314,103.53535100491654,1.9500442291320144,2.078767555993913,4.053688676272792
1983,10,1983-10-01,23805,12,stagnation1,0,102.28601011614849,101.45158872228248,103.7707823034672,1.9539723866720964,2.07930596937008,4.062906447591592
1983,11,1983-11-01,23806,12,stagnation1,0,102.4333917637936,101.4558491101528,103.9246673862861,1.956787822228472,2.079393288356822,4.068931464280246
1983,12,1983-12-01,23807,12,stagnation1,0,102.72446474044533,101.2866273276332,104.04614577596084,1.9623481970855818,2.0759249950854013,4.073687671390733
1984,1,1984-01-01,23808,12,stagnation1,0,102.89222533017549,101.41928280775886,104.35255699480719,1.9655529321176,2.0786438419282045,4.085684498330175
1984,2,1984-02-01,23809,12,stagnation1,0,103.36902527072564,101.29846780786843,104.71123878717339,1.974661254132937,2.0761676722237623,4.099727859423634
1984,3,1984-03-01,23810,12,stagnation1,0,103.8244199590541,101.31437169932381,105.18905875198298,1.9833606710426444,2.0764936312043547,4.118435801801246
1984,4,1984-04-01,23811,12,stagnation1,0,103.86772593771474,101.19426497044611,105.10818180418784,1.9841879463111254,2.0740319779028913,4.11526925081874
1984,5,1984-05-01,23812,12,stagnation1,0,104.06000480300405,101.29142669018727,105.40386347884018,1.9878610546168394,2.0760233606539797,4.126845987118815
1984,6,1984-06-01,23813,12,stagnation1,0,104.25301813815724,101.44589105697615,105.76040320404456,1.9915481935200048,2.0791891925937662,4.140805480496432
1984,7,1984-07-01,23814,12,stagnation1,0,104.45823973767429,101.37169388376391,105.8910870232434,1.9954685472237972,2.0776684808226284,4.145922105039804
1984,8,1984-08-01,23815,12,stagnation1,0,104.49672470059538,101.64520872591041,106.21591393366016,1.996203726499678,2.083274317568501,4.158639956051315
1984,9,1984-09-01,23816,12,stagnation1,0,104.68760689811796,101.92186136000703,106.69955756380894,1.999850154223693,2.088944465081851,4.177575910658669
1984,10,1984-10-01,23817,12,stagnation1,0,104.91828292176703,101.98992585361395,107.00607895879513,2.0042567644724043,2.090339484219959,4.18957705129161
1984,11,1984-11-01,23818,12,stagnation1,0,105.29474110492716,101.91690421405286,107.31314043434355,2.011448255212891,2.0888428656559244,4.2015993375375045
1984,12,1984-12-01,23819,12,stagnation1,0,105.40072471173156,102.21590669501708,107.73630642721534,2.0134728628879834,2.094971085542429,4.2181674292746605
1985,1,1985-01-01,23820,12,stagnation1,0,105.57844798993533,102.40700410453493,108.11972556655738,2.016867915424344,2.0988877317906147,4.233179324326267
1985,2,1985-02-01,23821,12,stagnation1,0,105.66685556800488,102.6547902776148,108.47208897628553,2.0185567677524805,2.1039662453486696,4.2469753036713325
1985,3,1985-03-01,23822,12,stagnation1,0,105.95460116387733,102.5349440941133,108.64049106852235,2.02405357956558,2.1015099320676325,4.25356870049411
1985,4,1985-04-01,23823,12,stagnation1,0,106.57161613421741,102.26167464518078,108.98191935528439,2.035840433044749,2.095909124790308,4.266936540235541
1985,5,1985-05-01,23824,12,stagnation1,0,107.17321770205635,102.01877849685071,109.33680757540846,2.0473328438837393,2.0909308349722724,4.280831372727984
1985,6,1985-06-01,23825,12,stagnation1,0,107.79435235810492,101.64179428029475,109.56411386960103,2.0591983958291697,2.0832043366323703,4.289731028177746
1985,7,1985-07-01,23826,12,stagnation1,0,107.97910823187632,101.5840484172039,109.68954958673426,2.0627277922267306,2.0820208034877106,4.294642175348329
1985,8,1985-08-01,23827,12,stagnation1,0,108.45432750596001,101.23146914365138,109.78990908415052,2.071805918728287,2.0747944978437367,4.298571520777538
1985,9,1985-09-01,23828,12,stagnation1,0,108.95110370896072,100.65272160204387,109.66225109853431,2.08129584781944,2.062932749465237,4.293573365792739
1985,10,1985-10-01,23829,12,stagnation1,0,109.26731928026302,100.47254095437665,109.78365211361175,2.0873365223345455,2.0592398482403484,4.2983265434787254
1985,11,1985-11-01,23830,12,stagnation1,0,109.70325638912746,100.23774380592147,109.96406908608677,2.0956642405834,2.0544275518680326,4.305390355319134
1985,12,1985-12-01,23831,12,stagnation1,0,110.16400185312881,100.00001582375168,110.1640192852069,2.1044658735038824,2.0495551864508177,4.313218945748632
1986,1,1986-01-01,23832,12,stagnation1,0,110.35273389562619,99.89788071242519,110.24004246995266,2.1080712267589496,2.0474618713106794,4.316195458796078
1986,2,1986-02-01,23833,12,stagnation1,0,110.8185556854383,99.90740737356364,110.71594587415031,2.11696983286715,2.0476571254572415,4.334828362648445
1986,3,1986-03-01,23834,12,stagnation1,0,110.80752066828732,100.21174394269016,111.04214888134757,2.116759030639407,2.053894670407027,4.347600091566222
1986,4,1986-04-01,23835,12,stagnation1,0,110.4160953983893,100.75781616825972,111.25284642167938,2.109281623240703,2.065086720256953,4.355849469436405
1986,5,1986-05-01,23836,12,stagnation1,0,110.30193009005768,101.28824503337069,111.72288922615485,2.1071007203025336,2.075958150851999,4.374252914978163
1986,6,1986-06-01,23837,12,stagnation1,0,110.11513514977072,101.59840054972304,111.87521607533293,2.103532371562796,2.0823149583175766,4.380216922610456
1986,7,1986-07-01,23838,12,stagnation1,0,110.42300575271484,101.85803968231787,112.47470901800841,2.1094136319241863,2.087636404783677,4.403688690751887
1986,8,1986-08-01,23839,12,stagnation1,0,110.56960010276595,102.09886536815793,112.8903071470336,2.112214027713569,2.092572259337081,4.419960480176058
1986,9,1986-09-01,23840,12,stagnation1,0,110.33275288353866,102.38724142444329,112.96666206510312,2.1076895289506914,2.0984826848199085,4.422949981479254
1986,10,1986-10-01,23841,12,stagnation1,0,110.00447504565311,102.66821942339503,112.93963581542496,2.1014184286344664,2.1042414830589515,4.421891830797201
1986,11,1986-11-01,23842,12,stagnation1,0,109.8267028732179,102.85570123956515,112.96302538854191,2.0980224420702953,2.108084025737884,4.422807595767974
1986,12,1986-12-01,23843,12,stagnation1,0,109.92157835301674,102.90430352324067,113.11403462592516,2.099834850898137,2.109080156206064,4.42872001533918
1987,1,1987-01-01,23844,12,stagnation1,0,110.12560366961642,103.04633656506584,113.48040020170346,2.1037323519773667,2.1119912013206292,4.443064217309752
1987,2,1987-02-01,23845,12,stagnation1,0,110.18094861542014,103.21934927579744,113.7280581867374,2.1047896079571387,2.1155371917455392,4.452760696432839
1987,3,1987-03-01,23846,12,stagnation1,0,110.40143942065802,103.20081365019415,113.93518376364526,2.1090016497061588,2.1151572939297596,4.460870222285878
1987,4,1987-04-01,23847,12,stagnation1,0,110.6317020208044,102.98134957619928,113.93001980014368,2.1134003623146422,2.11065925733056,4.460668039165158
1987,5,1987-05-01,23848,12,stagnation1,0,110.54640359718674,102.84963214887877,113.69656945352146,2.1117709042471478,2.107959636394634,4.451527827465585
1987,6,1987-06-01,23849,12,stagnation1,0,110.69156251503824,102.84533528165026,113.84110859708856,2.114543878936834,2.1078715697434327,4.45718692538595
1987,7,1987-07-01,23850,12,stagnation1,0,110.64181778068264,102.88377054168606,113.83247392862796,2.113593603946121,2.1086593214842706,4.456848854790522
1987,8,1987-08-01,23851,12,stagnation1,0,110.68417480864186,102.58352733140377,113.54373071636185,2.114402751383975,2.1025056721697015,4.445543778036031
1987,9,1987-09-01,23852,12,stagnation1,0,110.98392682232195,102.71613321665686,113.99839812389317,2.1201289221175403,2.1052235025383825,4.463345235253214
1987,10,1987-10-01,23853,12,stagnation1,0,111.27917059084048,102.79249848649035,114.3866397453687,2.125768971723221,2.1067886506392366,4.4785459435075214
1987,11,1987-11-01,23854,12,stagnation1,0,111.41870958429857,102.94971860979021,114.70524799569473,2.1284345888469263,2.110010963320583,4.491020317177751
1987,12,1987-12-01,23855,12,stagnation1,0,111.31264443844154,103.20279082371705,114.87775560015274,2.1264084235291314,2.115197817185831,4.497774455894383
1988,1,1988-01-01,23856,12,stagnation1,0,111.32628227665975,103.50691775015702,115.23040343040985,2.126668947517329,2.1214310653937414,4.511581571071474
1988,2,1988-02-01,23857,12,stagnation1,0,111.3026853167076,103.75119120096859,115.47786185474968,2.126218174160312,2.1264375837817533,4.5212702368543045
1988,3,1988-03-01,23858,12,stagnation1,0,110.69477371702878,103.95267088059403,115.07017380408122,2.114605222614336,2.1305670203517293,4.50530814836563
1988,4,1988-04-01,23859,12,stagnation1,0,110.54528562904915,104.13999057308133,115.12185003307762,2.1117495476719177,2.134406240216838,4.5073314123260255
1988,5,1988-05-01,23860,12,stagnation1,0,110.80404775206736,104.38237828504485,115.6599002797047,2.1166926874279812,2.139374109352602,4.528397532939404
1988,6,1988-06-01,23861,12,stagnation1,0,110.53251846884649,104.54887785177765,115.56050772048788,2.1115056562691357,2.142786609318007,4.524506045752734
1988,7,1988-07-01,23862,12,stagnation1,0,109.94963445574908,104.7266340957971,115.14655136613878,2.100370807378934,2.146429821060055,4.508298536242128
1988,8,1988-08-01,23863,12,stagnation1,0,109.28010185139095,105.12669032244992,114.88255425736962,2.087580708132645,2.154629192904689,4.49796233628724
1988,9,1988-09-01,23864,12,stagnation1,0,108.93992825982873,105.25614219183026,114.66596579284322,2.081082362915808,2.1572823799876977,4.489482312821436
1988,10,1988-10-01,23865,12,stagnation1,0,108.75246952103642,105.53939544320848,114.77669886206142,2.07750133361547,2.1630878107734737,4.49381781160926
1988,11,1988-11-01,23866,12,stagnation1,0,108.44712380570566,105.77251792777905,114.70725346955078,2.0716683062496806,2.167865783990718,4.491098836896687
1988,12,1988-12-01,23867,12,stagnation1,0,108.00699183586227,105.90581474325202,114.38568468344764,2.063260453459362,2.1705977753533148,4.478508550253363
1989,1,1989-01-01,23868,12,stagnation1,0,107.57572890537159,105.77568050595484,113.78895930889796,2.0550220261649823,2.1679306027654888,4.455145139880206
1989,2,1989-02-01,23869,12,stagnation1,0,107.35185743954402,105.27765799112682,113.01752132232518,2.050745403566309,2.1577233580983073,4.424941258787764
1989,3,1989-03-01,23870,12,stagnation1,0,107.76160930402277,104.93306841218266,113.0775632130592,2.0585729043913945,2.1506608056286494,4.427292061003705
1989,4,1989-04-01,23871,12,stagnation1,0,107.93253640843129,104.84566224005808,113.16258256991156,2.061838129437995,2.148869368178064,4.430620798490866
1989,5,1989-05-01,23872,12,stagnation1,0,107.67895414854969,104.70386335030766,112.74402500873792,2.0569939407459548,2.145963122138732,4.414233139303644
1989,6,1989-06-01,23873,12,stagnation1,0,107.76831281071557,104.78393778513353,112.92388184766826,2.058700961659018,2.147604291611032,4.421275020402666
1989,7,1989-07-01,23874,12,stagnation1,0,108.26062854986652,104.55233849110677,113.18901881405623,2.0681056823899637,2.142857537019638,4.4316558488624755
1989,8,1989-08-01,23875,12,stagnation1,0,108.59458103353201,104.5807374254761,113.56901364897399,2.0744851856162794,2.143439588759799,4.4465336731456535
1989,9,1989-09-01,23876,12,stagnation1,0,108.47577591307133,104.51336245708133,113.37168085815955,2.072215648222927,2.1420587018192023,4.438807561321839
1989,10,1989-10-01,23877,12,stagnation1,0,108.95829791391358,104.28045065714022,113.6222040929785,2.0814332789090484,2.1372850466990245,4.44861622271403
1989,11,1989-11-01,23878,12,stagnation1,0,108.99738608451122,103.9016014945632,113.25002972901932,2.0821799812773056,2.129520325267272,4.43404459099465
1989,12,1989-12-01,23879,12,stagnation1,0,109.64527448837595,103.59204361793942,113.58378057300781,2.0945566107827402,2.1231757667558098,4.447111838112095
1990,1,1990-01-01,23880,12,stagnation1,0,109.86872722485585,103.36066055305324,113.56104220084323,2.0988252343834874,2.1184334438992796,4.446221569417723
1990,2,1990-02-01,23881,12,stagnation1,0,109.90918736405074,103.20629591992125,113.43320115412288,2.0995981455045483,2.115269656055507,4.441216247096186
1990,3,1990-03-01,23882,12,stagnation1,0,109.82123501317689,103.57831612842196,113.75098597808558,2.0979179893937054,2.1228944143269555,4.453658381399935
1990,4,1990-04-01,23883,12,stagnation1,0,109.49819645431175,103.73655507403737,113.58965686990473,2.0917469751647206,2.1261376083306063,4.447341911009499
1990,5,1990-05-01,23884,12,stagnation1,0,109.35006617056334,103.80691516324902,113.51293042063334,2.088917238392843,2.1275796769600457,4.4443378632561155
1990,6,1990-06-01,23885,12,stagnation1,0,109.40670471115698,103.55518815676403,113.29631891975382,2.0899992059484815,2.1224203938593273,4.435856937854858
1990,7,1990-07-01,23886,12,stagnation1,0,109.11364802510982,103.77880814622672,113.2368434453278,2.0844009362377407,2.1270036082260644,4.433528312367461
1990,8,1990-08-01,23887,12,stagnation1,0,108.93734661733615,103.88623199799775,113.1709046393488,2.0810330457302313,2.1292053190031295,4.430946629990092
1990,9,1990-09-01,23888,12,stagnation1,0,108.99184356570109,104.03927182984299,113.394320399677,2.0820741023922524,2.132341954317716,4.4396939605294
1990,10,1990-10-01,23889,12,stagnation1,0,108.75091185916891,104.09845512245899,113.20801917698186,2.077471577559159,2.133554948369098,4.432399764397499
1990,11,1990-11-01,23890,12,stagnation1,0,108.74052994004424,104.54816741623554,113.68623129101918,2.0772732514804777,2.1427720485518114,4.451123060476705
1990,12,1990-12-01,23891,12,stagnation1,0,108.4010167578549,104.69559944031575,113.49109429403335,2.070787522081552,2.1457937487696905,4.4434829199128725
1991,1,1991-01-01,23892,12,stagnation1,0,108.17825654359538,105.06772723480803,113.66043551259565,2.0665321277513007,2.1534207120750604,4.450113086068195
1991,2,1991-02-01,23893,12,stagnation1,0,107.77994445065985,105.4832105995452,113.68974578896237,2.0589231611879377,2.1619362715783903,4.451260662565043
1991,3,1991-03-01,23894,12,stagnation1,0,107.86939874850468,105.44016954234856,113.73767692473534,2.0606320090319334,2.1610541214979024,4.453137296008963
1991,4,1991-04-01,23895,12,stagnation1,0,107.69151366580753,105.55742797995936,113.67639197831288,2.057233865540009,2.1634573975072176,4.450737824804901
1991,5,1991-05-01,23896,12,stagnation1,0,107.47452043225213,105.83487222114978,113.74552136976756,2.0530886379963746,2.1691437694422473,4.4534444272225056
1991,6,1991-06-01,23897,12,stagnation1,0,107.01153121876257,106.23186974806461,113.68035045972535,2.044244142669415,2.1772804515576833,4.450892810045413
1991,7,1991-07-01,23898,12,stagnation1,0,106.81464378094776,106.37596991022741,113.6251133281376,2.0404829966794997,2.1802338634376346,4.448730127129348
1991,8,1991-08-01,23899,12,stagnation1,0,106.66115633475609,106.58000475781355,113.67946549632202,2.037550921890203,2.1844156695767847,4.4508581613375835
1991,9,1991-09-01,23900,12,stagnation1,0,106.50858826930664,106.84473421939654,113.79881805717207,2.0346364100558114,2.189841445128161,4.455531136506992
1991,10,1991-10-01,23901,12,stagnation1,0,106.21243516082113,106.85004038591106,113.48802986419697,2.028978989304423,2.1899501979219522,4.443362939206704
1991,11,1991-11-01,23902,12,stagnation1,0,105.91512106748829,106.93779214838392,113.26329202085982,2.0232993902284484,2.1917487184363234,4.434563845546196
1991,12,1991-12-01,23903,12,stagnation1,0,105.72116252392131,107.0168659972807,113.1394748289922,2.019594194983677,2.193369380351064,4.4297160680119525
1992,1,1992-01-01,23904,12,stagnation1,0,105.8810258063062,106.76562186647996,113.04453564071095,2.0226480675422813,2.1882199940524103,4.42599894232749
1992,2,1992-02-01,23905,12,stagnation1,0,105.92809979121112,106.65078206982128,112.97314685902738,2.0235473231348142,2.185866289416327,4.423203878679038
1992,3,1992-03-01,23906,12,stagnation1,0,105.81012080295463,106.37459720683972,112.55508980821351,2.0212935673670516,2.1802057291286094,4.406835815824451
1992,4,1992-04-01,23907,12,stagnation1,0,105.80772191997698,106.09784885771656,112.25971688245018,2.0212477414413765,2.174533619883279,4.395271167877418
1992,5,1992-05-01,23908,12,stagnation1,0,105.6203997604533,105.804260903884,111.75088333027529,2.01766932121846,2.1685163737008635,4.3753489597761375
1992,6,1992-06-01,23909,12,stagnation1,0,105.66960028464524,105.76037741615555,111.7565680751838,2.018609200147863,2.1676169575444506,4.375571532895748
1992,7,1992-07-01,23910,12,stagnation1,0,105.62214174268635,105.51882843666093,111.45124653659207,2.0177025983516437,2.1626662786907827,4.363617369881873
1992,8,1992-08-01,23911,12,stagnation1,0,105.6921159356373,105.16090436209463,111.1467849573497,2.019039317230898,2.1553304284177597,4.351696876599571
1992,9,1992-09-01,23912,12,stagnation1,0,105.64291728996355,104.73533083722107,110.64545892973514,2.018099474186878,2.1466080655467574,4.332068608365223
1992,10,1992-10-01,23913,12,stagnation1,0,105.53417774808837,104.55749450145868,110.34389209611713,2.016022219810427,2.1429632122804976,4.3202614521938125
1992,11,1992-11-01,23914,12,stagnation1,0,105.53224884573132,104.08977728581641,109.84828278823525,2.015985371937116,2.133377091346262,4.300857008979816
1992,12,1992-12-01,23915,12,stagnation1,0,105.30280193546047,103.9647172575674,109.47776029649769,2.011602241474139,2.130813917456698,4.286350052520184
1993,1,1993-01-01,23916,12,stagnation1,0,105.07702178658816,103.95704120892984,109.23496283979966,2.007289157252218,2.130656592628627,4.2768438762114
1993,2,1993-02-01,23917,12,stagnation1,0,105.10354440117395,103.74705156548431,109.04182840703766,2.0077958194679417,2.1263527396814106,4.269282141446541
1993,3,1993-03-01,23918,12,stagnation1,0,104.86675791624786,103.63795807688699,108.68176660583151,2.003272480914044,2.1241168087815923,4.255184749279122
1993,4,1993-04-01,23919,12,stagnation1,0,105.22341393918181,103.19880908549575,108.58931006433717,2.0100856904581637,2.1151162092765192,4.251564825922846
1993,5,1993-05-01,23920,12,stagnation1,0,105.2265080415495,103.26118804231832,108.65814233914963,2.0101447971784383,2.116394700219025,4.2542597954212935
1993,6,1993-06-01,23921,12,stagnation1,0,105.2241039129793,103.22746655517066,108.62017667474872,2.0100988710460688,2.115703559839606,4.252773337101741
1993,7,1993-07-01,23922,12,stagnation1,0,105.31594826014518,103.29251125575692,108.7834877107176,2.0118533760661617,2.1170366866630324,4.2591674053189426
1993,8,1993-08-01,23923,12,stagnation1,0,105.6077826551681,102.82172855711183,108.58774761688159,2.017428296318779,2.1073877369728646,4.251503651884254
1993,9,1993-09-01,23924,12,stagnation1,0,105.3138321767773,102.93828582841556,108.40825358298885,2.0118129524689947,2.109776642194041,4.244475975582515
1993,10,1993-10-01,23925,12,stagnation1,0,105.21971617327704,102.93006198753001,108.3027190802572,2.0100150519371955,2.1096080900633174,4.240344014715747
1993,11,1993-11-01,23926,12,stagnation1,0,105.21847990586842,103.01109981402693,108.38671335863599,2.0099914354878274,2.111269004776453,4.2436326176115795
1993,12,1993-12-01,23927,12,stagnation1,0,105.66553575724136,102.83419361662847,108.66030162664937,2.0185315553721694,2.107643215206256,4.254344337359884
1994,1,1994-01-01,23928,12,stagnation1,0,105.58736430397516,102.99608025819595,108.75084648103604,2.017038244009895,2.1109611707396483,4.257889413001773
1994,2,1994-02-01,23929,12,stagnation1,0,105.45349515600746,103.60827380345313,109.2585459965474,2.01448093809622,2.1235084133121394,4.277767220504254
1994,3,1994-03-01,23930,12,stagnation1,0,105.38190111151155,104.06069624832463,109.6611400163599,2.0131132751495833,2.1327810595283903,4.2935298639241966
1994,4,1994-04-01,23931,12,stagnation1,0,105.25193574177679,104.67949036361439,110.17718993233086,2.010630543215891,2.145463584404913,4.313734612161962
1994,5,1994-05-01,23932,12,stagnation1,0,105.1664481377052,104.93481343449919,110.3562161489903,2.008997471229126,2.1506965708183827,4.320743972155284
1994,6,1994-06-01,23933,12,stagnation1,0,104.87050784571998,105.28253870051441,110.41033300809612,2.003344115917034,2.157823390914867,4.322862793377441
1994,7,1994-07-01,23934,12,stagnation1,0,104.48917055941955,105.56002798215647,110.29879768084646,1.9960594195387764,2.1635106859786637,4.318495884020511
1994,8,1994-08-01,23935,12,stagnation1,0,104.04630965203476,106.24336436364914,110.54229987054195,1.9875994357816253,2.1775160400102798,4.328029652529872
1994,9,1994-09-01,23936,12,stagnation1,0,104.3792195735223,106.31459753410904,110.9703471988342,1.9939590229147746,2.178976002918893,4.344788861734897
1994,10,1994-10-01,23937,12,stagnation1,0,104.37866534090735,106.55579013269605,111.22151158396638,1.993948435394309,2.183919377550341,4.354622625893817
1994,11,1994-11-01,23938,12,stagnation1,0,104.37811006240038,106.52166386343087,111.18529954767209,1.993937827894141,2.183219940939352,4.353204826851787
1994,12,1994-12-01,23939,12,stagnation1,0,103.93525969560105,107.13989173761874,111.35612471507987,1.9854780454940755,2.195890860393839,4.359893093613064
1995,1,1995-01-01,23940,12,stagnation1,0,103.93379570609812,107.14692552069879,111.3618666760482,1.98545007886345,2.1960350216369484,4.360117906895977
1995,2,1995-02-01,23941,12,stagnation1,0,103.99322499891777,107.00359267241144,111.27648688474632,1.9865853582334942,2.1930973362758395,4.356775057426461
1995,3,1995-03-01,23942,12,stagnation1,0,104.01913117489343,107.0417406217752,111.34388858925351,1.9870802446059632,2.1938791994268287,4.359414016232997
1995,4,1995-04-01,23943,12,stagnation1,0,103.79848231133857,107.24496189242235,111.31864279970782,1.982865183464687,2.198044330860269,4.3584255753747625
1995,5,1995-05-01,23944,12,stagnation1,0,104.01792751579214,107.37512299273071,111.68937760457129,1.9870572510739621,2.2007120540202463,4.372940844466803
1995,6,1995-06-01,23945,12,stagnation1,0,104.2688210351122,107.22745237405957,111.80480041641832,1.9918500766831504,2.197685463675328,4.377459959347147
1995,7,1995-07-01,23946,12,stagnation1,0,104.6074489376303,107.03371649129377,111.96524032467809,1.9983188945608419,2.1937147404704027,4.383741615158638
1995,8,1995-08-01,23947,12,stagnation1,0,104.69545098368219,107.09714667378165,112.12584070077129,2,2.1950147768596437,4.3900295537192875
1995,9,1995-09-01,23948,12,stagnation1,0,104.69545098368219,107.63927709701007,112.69342659229002,2,2.206126037308031,4.412252074616062
1995,10,1995-10-01,23949,12,stagnation1,0,104.69545098368219,107.91634868110023,112.98350793680085,2,2.2118047714313436,4.423609542862687
1995,11,1995-11-01,23950,12,stagnation1,0,104.69545098368219,108.11738276668731,113.19398147933717,2,2.215925075307041,4.431850150614082
1995,12,1995-12-01,23951,12,stagnation1,0,104.69545098368219,108.24702971304882,113.32971593451693,2,2.2185822605998022,4.4371645211996045
1996,1,1996-01-01,23952,12,stagnation1,0,104.69545098368219,108.8018335836678,113.91057034893639,2,2.229953270305383,4.459906540610766
1996,2,1996-02-01,23953,12,stagnation1,0,104.69545098368219,109.21574188477359,114.343913511438,2,2.2384365480154744,4.476873096030949
1996,3,1996-03-01,23954,12,stagnation1,0,104.69545098368219,109.26534759177672,114.39584843009855,2,2.239453244195253,4.478906488390506
1996,4,1996-04-01,23955,12,stagnation1,0,104.69545098368219,109.4697331501294,114.60983081216142,2,2.2436422383439707,4.487284476687941
1996,5,1996-05-01,23956,12,stagnation1,0,104.69545098368219,109.69320763543315,114.84379843238365,2,2.2482224705231437,4.4964449410462874
1996,6,1996-06-01,23957,12,stagnation1,0,104.69545098368219,109.9253569066887,115.08684815887999,2,2.2529804971995713,4.5059609943991425
1996,7,1996-07-01,23958,12,stagnation1,0,104.69545098368219,110.13118014914583,115.30233573079971,2,2.257198957472754,4.514397914945508
1996,8,1996-08-01,23959,12,stagnation1,0,104.69545098368219,110.53867201300453,115.72896117538838,2,2.265550726781272,4.531101453562544
1996,9,1996-09-01,23960,12,itboom,0,104.90656932300719,110.35510429477057,115.76975398847033,2.0040329992820394,2.2617884056868984,4.532698602390056
1996,10,1996-10-01,23961,12,itboom,0,105.20889446672376,110.26451669299342,116.00807900177445,2.009808324587505,2.259931763090184,4.542029670458368
1996,11,1996-11-01,23962,12,itboom,0,105.43101269970346,110.58796403007197,116.59401040088868,2.014051455132199,2.2665609937137217,4.564970467535003
1996,12,1996-12-01,23963,12,itboom,0,105.4324464034382,110.77023110240955,116.78776453801261,2.0140788432129852,2.2702966573568863,4.572556465399665
1997,1,1997-01-01,23964,12,itboom,0,105.62314903889535,110.54561308229121,116.76175766186905,2.017721840758062,2.265692987804321,4.571538225945169
1997,2,1997-02-01,23965,12,itboom,0,105.65549342727819,110.42530632091118,116.67040226194212,2.0183397164743218,2.26322723472698,4.567961415255817
1997,3,1997-03-01,23966,12,itboom,0,105.87222170237986,110.58653759122436,117.08042425156668,2.022479882509529,2.266531758066965,4.584014883759391
1997,4,1997-04-01,23967,12,itboom,0,106.12993558424976,110.39604902115892,117.16325571371274,2.0274029976869032,2.2626275903173783,4.587257959258547
1997,5,1997-05-01,23968,12,itboom,0,106.1782226974412,109.94835948557585,116.74121398677792,2.028325427701536,2.253451947673569,4.570733885569851
1997,6,1997-06-01,23969,12,itboom,0,106.60943450747773,109.76640775673108,117.02134658862317,2.036562878440513,2.2497227471682937,4.581701833666159
1997,7,1997-07-01,23970,12,itboom,0,106.37334125960861,109.89029573100758,116.89397928913777,2.032052782812654,2.252261899168677,4.576715059828623
1997,8,1997-08-01,23971,12,itboom,0,106.11082758387913,109.56482581008493,116.26014340791674,2.02703797704482,2.245591214579622,4.551898672871099
1997,9,1997-09-01,23972,12,itboom,0,105.63899316227209,109.54041319388122,115.7173896038088,2.018024511470646,2.245090864617245,4.530648395276426
1997,10,1997-10-01,23973,12,itboom,0,105.02214320716487,109.6749708883569,115.18300498878658,2.0062408102818834,2.247848698386747,4.509725794042504
1997,11,1997-11-01,23974,12,itboom,0,104.67658981127477,109.5640128349949,114.68787229606005,1.9996396945190988,2.2455745522091366,4.49034001159934
1997,12,1997-12-01,23975,12,itboom,0,104.32768706594925,109.5068438908499,114.24595741024346,1.9929745960444785,2.244402843334782,4.473037850056216
1998,1,1998-01-01,23976,12,itboom,0,104.14788469829459,109.25423666468633,113.7859764295394,1.9895398266067368,2.2392255196488438,4.455028352095541
1998,2,1998-02-01,23977,12,itboom,0,104.1167400849859,108.94707168408483,113.43213945552188,1.9889448702258041,2.232930004854152,4.441174678727945
1998,3,1998-03-01,23978,12,itboom,0,103.75607990501513,108.77137534180225,112.85691511342428,1.9820551691627275,2.229329011928307,4.418653091856937
1998,4,1998-04-01,23979,12,itboom,0,103.2804024094835,108.82416212313237,112.39403255951983,1.972968289244597,2.2304109059716226,4.400529989467324
1998,5,1998-05-01,23980,12,itboom,0,103.00148699454607,108.79191631304144,112.05729153229483,1.9676401606140437,2.229750010403069,4.387345668598661
1998,6,1998-06-01,23981,12,itboom,0,102.22848841899359,108.6746294310476,111.0964309623027,1.9528735481530501,2.227346151410519,4.349725381670101
1998,7,1998-07-01,23982,12,itboom,0,102.06735794619387,108.2956101361285,110.53446803765688,1.9497954684220629,2.219577943023077,4.327723015115959
1998,8,1998-08-01,23983,12,itboom,0,101.92794140550595,108.33208835480242,110.42066754164394,1.9471321905169006,2.2203255841275285,4.323267418282951
1998,9,1998-09-01,23984,12,itboom,0,101.78339218559417,108.44114208894321,110.37507294292648,1.9443708629032623,2.22256070023795,4.321482266576541
1998,10,1998-10-01,23985,12,itboom,0,101.75814375042987,108.36408229087161,110.26927863137925,1.9438885413711025,2.2209813173998225,4.317340133492811
1998,11,1998-11-01,23986,12,itboom,0,101.61017762676738,108.47679836165094,110.22346749910379,1.9410619405537366,2.223291495108887,4.315546503912675
1998,12,1998-12-01,23987,12,itboom,0,101.72616438293686,108.27926948635576,110.14834767033344,1.943277638658663,2.2192430324411556,4.312605359691939
1999,1,1999-01-01,23988,12,itboom,0,101.36675706545873,108.2267307544715,109.70592724377322,1.9364118710612885,2.218166222307318,4.2952834048630635
1999,2,1999-02-01,23989,12,itboom,0,100.86122054300797,108.4472112228349,109.3811808842052,1.9267545933534052,2.2226850904667166,4.282568707634875
1999,3,1999-03-01,23990,12,itboom,0,100.65700833239126,108.30166820244636,109.01321918665515,1.9228535220327696,2.219702106415846,4.268162013185267
1999,4,1999-04-01,23991,12,itboom,0,100.52725613953932,108.11810625426878,108.68816560744804,1.9203748624227708,2.215939903581944,4.255435287478304
1999,5,1999-05-01,23992,12,itboom,0,100.36912836660905,108.28093618791205,108.68063183901148,1.9173541433476904,2.21927719240394,4.255140320092724
1999,6,1999-06-01,23993,12,itboom,0,100.38460604292402,108.06815971827746,108.48379639103074,1.9176498138122533,2.214916221925066,4.247433680584343
1999,7,1999-07-01,23994,12,itboom,0,100.42869795481195,108.20911431434331,108.67300457432901,1.9184921027841935,2.2178051637021357,4.254841692076552
1999,8,1999-08-01,23995,12,itboom,0,100.47183806777792,108.31476795429491,108.82583826252862,1.9193162095158738,2.2199705930167855,4.260825543825684
1999,9,1999-09-01,23996,12,itboom,0,100.66850129690789,108.07243025063947,108.79489584846486,1.9230730724412861,2.215003748828731,4.259614064729034
1999,10,1999-10-01,23997,12,itboom,0,100.98702996790338,108.08475014429457,109.15157901895225,1.9291579341616896,2.2152562518081487,4.273579174376976
1999,11,1999-11-01,23998,12,itboom,0,101.03478943109415,108.14201401654603,109.26105614816161,1.930070284464249,2.216429906286125,4.27786549972073
1999,12,1999-12-01,23999,12,itboom,0,101.1965219086308,108.1184257740915,109.41208642574524,1.933159864307825,2.215946452316006,4.283778743072617
2000,1,2000-01-01,24000,12,itboom,0,101.55750397725686,108.08479115255976,109.76821607357063,1.9400557144184916,2.2152570922950416,4.2977221808130865
2000,2,2000-02-01,24001,12,itboom,0,102.06645585025805,108.10283340699942,110.33673073223305,1.949778235659276,2.2156268781981483,4.319981065452455
2000,3,2000-03-01,24002,12,itboom,0,102.42900925018193,108.35539484656546,110.98735741045968,1.956704102953747,2.220803263462651,4.34545485747044
2000,4,2000-04-01,24003,12,itboom,0,102.79244068534462,108.40734473552799,111.43455553582467,1.963646743378866,2.2218680049377557,4.362963872113722
2000,5,2000-05-01,24004,12,itboom,0,103.18648495824581,108.30006307426204,111.75102829389414,1.9711741816619794,2.2196692084331007,4.375354635493411
2000,6,2000-06-01,24005,12,itboom,0,103.55214805977117,108.55482944771727,112.41085771573226,1.978159453669306,2.224890785027336,4.401188739783548
2000,7,2000-07-01,24006,12,itboom,0,103.88907248239957,109.00158737395738,113.2407381138967,1.9845957299251082,2.2340473338265605,4.433680799162765
2000,8,2000-08-01,24007,12,itboom,0,103.97386767522576,109.03963727193938,113.3727281706724,1.9862155747613353,2.234827187360688,4.438848566435867
2000,9,2000-09-01,24008,12,itboom,0,103.8008425181161,109.19435546862175,113.34466095865595,1.982910270557877,2.237998221683398,4.437749659266274
2000,10,2000-10-01,24009,12,itboom,0,103.45948570551536,109.39009547436054,113.17443019054568,1.9763893222378983,2.2420100204881592,4.43108466484317
2000,11,2000-11-01,24010,12,itboom,0,103.33179565545433,109.17684849369918,112.8143979885742,1.9739500557967815,2.2376394066276597,4.416988431565746
2000,12,2000-12-01,24011,12,itboom,0,103.19124497192085,109.44515157511351,112.93781447176546,1.97126511233051,2.2431384254780435,4.421820520272859
2001,1,2001-01-01,24012,12,itboom,0,102.84725255909446,109.93598292592566,113.06613801314973,1.9646938160689371,2.2531982832934934,4.426844733563872
2001,2,2001-02-01,24013,12,itboom,0,102.77970647218193,109.92984553982151,112.98557257115155,1.9634034813642696,2.253072494198188,4.423690378874801
2001,3,2001-03-01,24014,12,stagnation2,0,102.38173609309443,110.39384646918833,113.02313655510024,1.955801042569684,2.2625824478063743,4.425161110319574
2001,4,2001-04-01,24015,12,stagnation2,0,102.38503925782716,110.81163235414766,113.4545332880332,1.9558641430139094,2.271145198724869,4.442051457764172
2001,5,2001-05-01,24016,12,stagnation2,0,102.08529687131164,110.88211646667233,113.19433777219598,1.9501381561883264,2.272589809280151,4.431864100441974
2001,6,2001-06-01,24017,12,stagnation2,0,101.75492269858202,111.13638919353669,113.08674691387851,1.943827009531513,2.2778012683166806,4.427651627699101
2001,7,2001-07-01,24018,12,stagnation2,0,101.3259510071474,111.15029761720913,112.62409610791183,1.9356323518380951,2.2780863290903057,4.409537598867281
2001,8,2001-08-01,24019,12,stagnation2,0,101.39086729465177,111.16984331559154,112.71606830778371,1.9368724494143406,2.2784869289018403,4.413138558940665
2001,9,2001-09-01,24020,12,stagnation2,0,101.49111695443415,111.30576167578751,112.96546075939725,1.9387875213461285,2.28127265026177,4.422902947115731
2001,10,2001-10-01,24021,12,stagnation2,0,101.61984020846504,111.22712326234868,113.02882492767118,1.9412465251103121,2.2796609128356295,4.425383825471968
2001,11,2001-11-01,24022,12,stagnation2,0,101.62785160054163,111.28286484770194,113.09438474425384,1.9413995669473993,2.2808033672084678,4.42795066939069
2001,12,2001-12-01,24023,12,stagnation2,0,101.49677341359586,111.24547893012594,112.91057168257946,1.9388955768367648,2.2800371223170353,4.420753891484126
2002,1,2002-01-01,24024,12,stagnation2,0,101.4945690824308,111.13552827616894,112.79652552138072,1.9388534674395685,2.2777836233429114,4.416288676195468
2002,2,2002-02-01,24025,12,stagnation2,0,101.234760403948,111.2914395602851,112.66562218895923,1.9338903353064774,2.28097911064713,4.411163457116449
2002,3,2002-03-01,24026,12,stagnation2,0,101.4322863214324,110.76220540269235,112.34863731999197,1.9376636781905954,2.270132166238112,4.398752643211724
2002,4,2002-04-01,24027,12,stagnation2,0,100.93216981502997,110.74954236201653,111.7819161661991,1.9281099391942298,2.2698726302722467,4.376563979132869
2002,5,2002-05-01,24028,12,stagnation2,0,100.91115832210735,110.88364115679859,111.89396668105442,1.9277085560830212,2.272621058640766,4.380951059476258
2002,6,2002-06-01,24029,12,stagnation2,0,100.7605377934773,110.7586243564488,111.60098555421516,1.924831248096573,2.2700587707307123,4.36948005691817
2002,7,2002-07-01,24030,12,stagnation2,0,100.70920906651367,110.6825828711428,111.46755378391644,1.9238507140527086,2.268500258771384,4.364255842666081
2002,8,2002-08-01,24031,12,stagnation2,0,100.53076874739406,110.83404390453272,111.42231637105098,1.9204419638645573,2.2716045357454657,4.362484675750658
2002,9,2002-09-01,24032,12,stagnation2,0,100.3042266335403,110.61880574781053,110.95533761659956,1.9161143238052185,2.2671931116391977,4.3442011960443905
2002,10,2002-10-01,24033,12,stagnation2,0,100.19205005943056,110.76048054404855,110.97319611275893,1.9139714117100746,2.270096814313913,4.344900404410942
2002,11,2002-11-01,24034,12,stagnation2,0,100.02021182780366,111.05018637118245,111.07263164362743,1.9106887813758555,2.2760344941798225,4.348793574053857
2002,12,2002-12-01,24035,12,stagnation2,0,100.02408635772072,111.19157703231988,111.2183590333192,1.9107627966244771,2.2789323733497686,4.354499195019861
2003,1,2003-01-01,24036,12,stagnation2,0,99.85276115785362,111.22115790112773,111.05739715601231,1.9074899667496854,2.2795386494846817,4.348197102710158
2003,2,2003-02-01,24037,12,stagnation2,0,100.00925489855982,111.23932675249863,111.24962183934821,1.9104794708634905,2.279911030061348,4.355723218327439
2003,3,2003-03-01,24038,12,stagnation2,0,99.9614598334679,111.36739671364964,111.32447553349374,1.9095664404568613,2.2825358941770517,4.358653942658692
2003,4,2003-04-01,24039,12,stagnation2,0,100.00113031428307,111.44903540500182,111.45029512936736,1.9103242667127769,2.2842091239450433,4.363580119718949
2003,5,2003-05-01,24040,12,stagnation2,0,99.69712572618084,111.66055070872505,111.32235962662352,1.9045168589362993,2.288544246136661,4.358571099188935
2003,6,2003-06-01,24041,12,stagnation2,0,99.55532529818609,112.00712163438902,111.50905430025095,1.9018080415681626,2.295647407394351,4.36588069998768
2003,7,2003-07-01,24042,12,stagnation2,0,99.41441310432201,112.08866059936146,111.43228409135061,1.8991161921603779,2.2973185932154774,4.3628749389266135
2003,8,2003-08-01,24043,12,stagnation2,0,99.46988224490994,111.80376605837353,111.21107444363875,1.9001758206364343,2.291479523298704,4.354213983655701
2003,9,2003-09-01,24044,12,stagnation2,0,99.63480710979383,111.91364731720596,111.5049466340331,1.9033263847408783,2.2937315999816787,4.365719873759039
2003,10,2003-10-01,24045,12,stagnation2,0,99.64801754952155,111.92879342038738,111.53482371051534,1.9035787441242822,2.2940420276758573,4.366889642011531
2003,11,2003-11-01,24046,12,stagnation2,0,99.81878629218187,111.96967077862703,111.76676638657734,1.9068409439821719,2.2948798315591703,4.375970824335936
2003,12,2003-12-01,24047,12,stagnation2,0,99.83156056019705,111.62008205431287,111.432069813393,1.9070849711656865,2.287714818862516,4.362866549365735
2004,1,2004-01-01,24048,12,stagnation2,0,100.02533159031844,111.8172628130693,111.8455879039904,1.9107865843360925,2.2917561466908016,4.379056899666562
2004,2,2004-02-01,24049,12,stagnation2,0,100.04734314483304,111.7016259104491,111.75450897298474,1.9112070716506373,2.2893861049307276,4.375490913482315
2004,3,2004-03-01,24050,12,stagnation2,0,99.9825589216617,111.9313550081495,111.9118329728374,1.9099694969028782,2.2940945288223835,4.381650573062533
2004,4,2004-04-01,24051,12,stagnation2,0,100.4464412716026,111.62310370920014,112.12143531280178,1.9188310538393527,2.2877767493371746,4.3898570708798195
2004,5,2004-05-01,24052,12,stagnation2,0,100.90219612484216,111.42250581781667,112.42775534750706,1.9275373509889893,2.283665385500986,4.401850327713819
2004,6,2004-06-01,24053,12,stagnation2,0,101.36399079549055,111.00860582060967,112.52275298620518,1.9363590269321085,2.275182277983856,4.405569741889997
2004,7,2004-07-01,24054,12,stagnation2,0,101.83528199378118,110.73729916573355,112.76964087772186,1.945362115296742,2.269621699247548,4.415236069771597
2004,8,2004-08-01,24055,12,stagnation2,0,101.84045161133386,111.05400754044342,113.09790281167233,1.9454608706391014,2.276112811140201,4.428088411233628
2004,9,2004-09-01,24056,12,stagnation2,0,102.05548693207746,111.26926855300756,113.55639382753282,1.9495686961219318,2.280524703689489,4.4460395730457725
2004,10,2004-10-01,24057,12,stagnation2,0,102.27086634082934,111.0490028970237,113.57077732563883,1.9536830947271866,2.2760102382276597,4.446602725851376
2004,11,2004-11-01,24058,12,stagnation2,0,102.59710679128973,110.98923957681218,113.87174865546241,1.9599152747769433,2.2747853561924916,4.458386566440574
2004,12,2004-12-01,24059,12,stagnation2,0,102.8731483213411,111.06626649478756,114.25736506615877,1.9651885035076624,2.276364065135008,4.473484490601285
2005,1,2005-01-01,24060,12,stagnation2,0,103.32691348862782,110.9985698104795,114.69139620168829,1.9738567916333314,2.2749765844502683,4.490477982023961
2005,2,2005-02-01,24061,12,stagnation2,0,103.48191663887019,111.53043553707957,115.41383232944958,1.9768178209576435,2.2858774643098267,4.518763307973136
2005,3,2005-03-01,24062,12,stagnation2,0,103.79526253314116,111.3698446164922,115.59662260243944,1.9828036759556757,2.2825860652887817,4.525920040939798
2005,4,2005-04-01,24063,12,stagnation2,0,103.79315677730214,111.60726468579229,115.84070321018297,1.982763449645569,2.2874521198628046,4.535476456078245
2005,5,2005-05-01,24064,12,stagnation2,0,103.96272724348853,111.73466808428483,116.16240821688228,1.9860027587959317,2.290063322411133,4.548072076125887
2005,6,2005-06-01,24065,12,stagnation2,0,104.12782563389072,111.67876397925872,116.2886686264069,1.9891566377629926,2.2889175371084374,4.55301551223137
2005,7,2005-07-01,24066,12,stagnation2,0,104.16147188540674,111.89332510153106,116.54973436727805,1.989799383005501,2.29331508502222,4.563236941214422
2005,8,2005-08-01,24067,12,stagnation2,0,104.47676130595569,111.70807002725903,116.70897368186922,1.995822365237997,2.289518180640127,4.569471590540574
2005,9,2005-09-01,24068,12,stagnation2,0,104.57370956351625,111.8592538005752,116.97537118933002,1.9976743703948527,2.292616775016887,4.579901772588538
2005,10,2005-10-01,24069,12,stagnation2,0,104.67085300758268,112.1746419648571,117.41415460281776,1.9995301042047502,2.299080828472523,4.597081328530808
2005,11,2005-11-01,24070,12,stagnation2,0,104.6796442880694,112.36488903766511,117.62316614931171,1.999698044270992,2.3029800466033277,4.605264695187793
2005,12,2005-12-01,24071,12,stagnation2,0,104.72986284641563,112.5488920536094,117.8723002829055,2.0006573707340696,2.306751289363088,4.61501896951458
2006,1,2006-01-01,24072,12,stagnation2,0,104.65970396306649,112.69715624583007,117.94851010168024,1.9993171237091998,2.3097900453235507,4.618002789788424
2006,2,2006-02-01,24073,12,stagnation2,0,104.96678506138089,112.35710440315906,117.93764028005529,2.005183302142535,2.3028204962483096,4.617577206908697
2006,3,2006-03-01,24074,12,stagnation2,0,105.2274189137606,112.63068170653906,118.51835926476417,2.0101621975946466,2.3084276131714305,4.640313923880847
2006,4,2006-04-01,24075,12,stagnation2,0,105.30314483529614,112.76703345272229,118.74723256318701,2.01160879189887,2.311222217014934,4.649274931779239
2006,5,2006-05-01,24076,12,stagnation2,0,105.41500769128955,113.08061385572988,119.20393779337506,2.013745711028448,2.3176492194114764,4.66715617525829
2006,6,2006-06-01,24077,12,stagnation2,0,105.55183394745387,113.61203658448518,119.91958819997636,2.016359506659084,2.328541019787168,4.6951758218934945
2006,7,2006-07-01,24078,12,stagnation2,0,105.676600891529,113.67255216844515,120.1252892782629,2.01874293292838,2.3297813198805684,4.703229574777451
2006,8,2006-08-01,24079,12,stagnation2,0,105.64598209869243,113.9181975420974,120.34999858247731,2.0181580213099877,2.3348159565798663,4.712027551054209
2006,9,2006-09-01,24080,12,stagnation2,0,105.46064908963368,113.80097383789489,120.01524567976819,2.0146175998815985,2.3324133924508095,4.698921070630948
2006,10,2006-10-01,24081,12,stagnation2,0,105.326438526968,113.68843689029205,119.74398159352427,2.012053771913818,2.330106885969518,4.68830034887733
2006,11,2006-11-01,24082,12,stagnation2,0,105.32377445329296,113.30443753060558,119.33651023030725,2.0120028800431586,2.3222366084224992,4.672346744287726
2006,12,2006-12-01,24083,12,stagnation2,0,105.42362024227779,113.54704517953316,119.70540570639864,2.013910236820301,2.327208985287004,4.686789998689683
2007,1,2007-01-01,24084,12,stagnation2,0,105.34675988386807,113.17472547585842,119.22590629627948,2.012441971338132,2.3195780886976545,4.668016301491445
2007,2,2007-02-01,24085,12,stagnation2,0,105.03393481124905,113.23250578869416,118.93255631524083,2.006466065610045,2.3207623279087355,4.65653085729505
2007,3,2007-03-01,24086,12,stagnation2,0,104.77660191599408,113.17881845583983,118.58492006670096,2.0015502284301645,2.3196619765678697,4.642919959080187
2007,4,2007-04-01,24087,12,stagnation2,0,104.70246016488841,113.11323611191693,118.43234098129595,2.000133896576028,2.318317830449296,4.636946075718233
2007,5,2007-05-01,24088,12,stagnation2,0,104.53648916236587,112.7728743846564,117.8888036092048,1.9969633480762963,2.3113419301193834,4.615665119320332
2007,6,2007-06-01,24089,12,stagnation2,0,104.40643438497773,112.61737260169673,117.57978323147638,1.99447890818581,2.308154835766028,4.603566136762425
2007,7,2007-07-01,24090,12,stagnation2,0,104.40863943824078,112.90324186510051,117.8807387130177,1.9945210313772637,2.314013883153468,4.6153493568485615
2007,8,2007-08-01,24091,12,stagnation2,0,104.34753129732914,112.92199125457647,117.83131016593644,1.9933536809272205,2.314398162177093,4.613414095706902
2007,9,2007-09-01,24092,12,stagnation2,0,104.52418451580641,112.97315291628173,118.08426680753846,1.9967282920840093,2.3154467485021217,4.623318031548114
2007,10,2007-10-01,24093,12,stagnation2,0,104.65225021215339,113.24364346791678,118.51202111140317,1.999174734506172,2.320990600754772,4.6400657680552415
2007,11,2007-11-01,24094,12,stagnation2,0,104.65212252518813,113.61452076633067,118.90000747878567,1.99917229529866,2.3285919344569663,4.6552564824222795
2007,12,2007-12-01,24095,12,stagnation2,0,104.254866565858,113.65787308549461,118.49386392687465,1.9915835040838048,2.329480464022239,4.639354865232178
2008,1,2008-01-01,24096,12,stagnation2,0,103.89198548265841,113.91954920607408,118.35328152308439,1.9846513770469547,2.33484365967462,4.633850684362586
2008,2,2008-02-01,24097,12,stagnation2,0,103.55136879201403,114.08468166368783,118.1362494447606,1.9781445672965012,2.3382281399886047,4.625353292218261
2008,3,2008-03-01,24098,12,stagnation2,0,103.17976508533602,114.21456120325364,117.84631594276443,1.9710458117500749,2.340890092406693,4.614001612405458
2008,4,2008-04-01,24099,12,stagnation2,0,102.8033313634029,114.41744782503415,117.62494802511848,1.963854788293062,2.3450483650280156,4.605334460439084
2008,5,2008-05-01,24100,12,stagnation2,0,102.54349362769186,114.71787738476786,117.6357192858728,1.9588911010789622,2.351205833676827,4.605756184394479
2008,6,2008-06-01,24101,12,stagnation2,0,102.09692463469992,115.00384708407435,117.41539108443294,1.9503602816632926,2.357066939553194,4.597129740126203
2008,7,2008-07-01,24102,12,stagnation2,0,101.5552079183433,115.08621230910059,116.87604219585312,1.9400118527436627,2.358755060027427,4.576012774172298
2008,8,2008-08-01,24103,12,stagnation2,0,101.32088951314535,115.36830976782166,116.89219767303786,1.9355356619828152,2.364536802208602,4.576645304745556
2008,9,2008-09-01,24104,12,stagnation2,0,100.7838924774905,116.03232211846827,116.94189076301248,1.925277393249849,2.3781460996264525,4.578590923456112
2008,10,2008-10-01,24105,12,stagnation2,0,100.71801943781225,115.98937031040406,116.82219653502878,1.9240190188112403,2.3772657787558975,4.573904571095461
2008,11,2008-11-01,24106,12,stagnation2,0,100.53223636756233,116.0744934589663,116.6922841266187,1.9204699998518802,2.379010424386057,4.568818149368313
2008,12,2008-12-01,24107,12,stagnation2,0,100.47932267393178,116.05211177433928,116.60837585965034,1.9194591881473906,2.3785516994805564,4.565532914051545
2009,1,2009-01-01,24108,12,stagnation2,0,100.56101986582571,116.64821370116323,117.30263335315759,1.9210198517889594,2.390769135505053,4.592714970349536
2009,2,2009-02-01,24109,12,stagnation2,0,100.79051967432275,116.6389570437672,117.56101094712305,1.925403992768166,2.3905794152333217,4.602831151119625
2009,3,2009-03-01,24110,12,stagnation2,0,100.96484321578939,116.5596794773017,117.68429763708428,1.928734100042718,2.3889545780152464,4.607658158071167
2009,4,2009-04-01,24111,12,stagnation2,0,101.20140219858953,116.65835969309036,118.05989579128165,1.9332530926174198,2.3909770831759074,4.622363840427201
2009,5,2009-05-01,24112,12,stagnation2,0,101.24510117452101,116.59200451161804,118.04369292918979,1.9340878753232755,2.3896170973277635,4.621729454606827
2009,6,2009-06-01,24113,12,stagnation2,0,101.41798422635482,116.8222548080393,118.47877595408933,1.9373904648858489,2.394336203473144,4.638764130339853
2009,7,2009-07-01,24114,12,stagnation2,0,101.68630617578395,116.7987210158257,118.76830506155228,1.9425162262614977,2.393853865490586,4.650099977014272
2009,8,2009-08-01,24115,12,stagnation2,0,101.73972410195812,116.81487751498992,118.84713409379107,1.9435366703337522,2.3941850018047566,4.653186346570625
2009,9,2009-09-01,24116,12,stagnation2,0,102.007294296527,116.44425465451178,118.78163353682517,1.9486480709162013,2.3865888829476454,4.650621822825981
2009,10,2009-10-01,24117,12,stagnation2,0,102.08429923884601,116.2643585257119,118.68765566551252,1.950119098388656,2.382901813093036,4.646942335297685
2009,11,2009-11-01,24118,12,stagnation2,0,102.36609590651278,116.122763852767,118.87033981481683,1.955502267667151,2.3799997525891707,4.654094913235381
2009,12,2009-12-01,24119,12,stagnation2,0,102.46497714709261,116.10720890917567,118.96922507491392,1.9573911986503174,2.3796809454864922,4.6579665382911255
2010,1,2010-01-01,24120,12,stagnation2,0,102.73641583663968,115.92407882801135,119.0962436795397,1.9625764991957892,2.3759275940039584,4.662939659782963
2010,2,2010-02-01,24121,12,stagnation2,0,102.6997461748126,116.20806922933085,119.34539213317329,1.9618759976652542,2.381748133082197,4.672694494777992
2010,3,2010-03-01,24122,12,stagnation2,0,102.88938564213748,116.23370157876568,119.59214146350747,1.9654986854810685,2.3822734821463176,4.682355397614995
2010,4,2010-04-01,24123,12,stagnation2,0,103.02429063153092,115.95829933883148,119.46521532221833,1.9680757791012002,2.3766289621473193,4.677385896312562
2010,5,2010-05-01,24124,12,stagnation2,0,103.09493193677625,116.328880620138,119.92918029814498,1.9694252418444544,2.384224228816497,4.695551378448338
2010,6,2010-06-01,24125,12,stagnation2,0,103.21105343683288,116.10277385437705,119.83089596448634,1.9716435139654604,2.379590046605229,4.691703281285967
2010,7,2010-07-01,24126,12,stagnation2,0,103.15077398410605,116.30008423967594,119.9644370373931,1.9704919939679733,2.3836340312006183,4.696931775030425
2010,8,2010-08-01,24127,12,stagnation2,0,103.34289419197556,116.26432757790842,120.15092103184973,1.9741620714367534,2.382901178800825,4.704233127170518
2010,9,2010-09-01,24128,12,stagnation2,0,103.50028217036845,116.39918819597803,120.47348822685547,1.9771686581970018,2.385665221155575,4.7168625042194225
2010,10,2010-10-01,24129,12,stagnation2,0,103.49893780579697,116.73409399646644,120.81854734356338,1.9771429767646407,2.3925292992730554,4.730372500761349
2010,11,2010-11-01,24130,12,stagnation2,0,103.41332545573329,117.07451482759699,121.07064904438359,1.9755075217518527,2.3995064109692095,4.7402429633614656
2010,12,2010-12-01,24131,12,stagnation2,0,103.48320821839235,117.32237321808523,121.40895576403052,1.9768424940357958,2.4045864046626693,4.7534885853179185
2011,1,2011-01-01,24132,12,stagnation2,0,103.48164815908396,117.55135003986406,121.64407445450534,1.9768126921811071,2.409279410246598,4.762694117186088
2011,2,2011-02-01,24133,12,stagnation2,0,103.62576776912154,117.27199346243734,121.5240036036047,1.9795658129458293,2.4035538439312565,4.757993019020851
2011,3,2011-03-01,24134,12,stagnation2,0,103.5701176819675,117.5953895938859,121.79368339095579,1.9785027278426819,2.4101820250673147,4.768551711193082
2011,4,2011-04-01,24135,12,stagnation2,0,103.46173356825294,117.72647461181629,121.80185150217429,1.9764322632198883,2.412868684425837,4.768871514812151
2011,5,2011-05-01,24136,12,stagnation2,0,103.66542209270558,117.61221357214438,121.92319763213786,1.9803233305497268,2.4105268417317163,4.773622543597667
2011,6,2011-06-01,24137,12,stagnation2,0,103.71575020145018,117.6141918455397,121.98444141597436,1.9812847497569936,2.410567387530276,4.776020403175294
2011,7,2011-07-01,24138,12,stagnation2,0,103.78502964269556,117.64997263614322,122.10305897504443,1.9826081967758364,2.4113007344638007,4.7806646010395255
2011,8,2011-08-01,24139,12,stagnation2,0,103.60244050139573,117.97597171167111,122.22598589852748,1.9791201915266248,2.4179822643667954,4.785477522161593
2011,9,2011-09-01,24140,12,stagnation2,0,103.87428928214649,117.66590504268007,122.22462259048926,1.984313326055328,2.4116272778766317,4.785424144969135
2011,10,2011-10-01,24141,12,stagnation2,0,103.87246627153522,117.67232257991759,122.22914358275703,1.9842785010348685,2.4117588088231128,4.785601154029166
2011,11,2011-11-01,24142,12,stagnation2,0,103.87063507046345,117.98066840546909,122.54726953313838,1.9842435195518229,2.418078525682892,4.7980566443537045
2011,12,2011-12-01,24143,12,stagnation2,0,104.0416307820872,118.19584020569421,122.97287966659414,1.9875100552038905,2.4224885897763477,4.814720430797183
2012,1,2012-01-01,24144,12,stagnation2,0,104.04024573201744,118.30645862824201,123.08633027367055,1.9874835965553677,2.4247557750340927,4.819162328533157
2012,2,2012-02-01,24145,12,stagnation2,0,104.03888830880854,118.42824082373396,123.21142519669135,1.9874576656635066,2.4272517679430115,4.824060132693637
2012,3,2012-03-01,24146,12,stagnation2,0,104.20070698159479,118.3840701013076,123.35703799914931,1.9905488920972412,2.426346464753882,4.829761267259898
2012,4,2012-04-01,24147,12,stagnation2,0,104.22758415497792,118.65819847480964,123.67457367211294,1.9910623274591521,2.431964876161483,4.842193646628991
2012,5,2012-05-01,24148,12,stagnation2,0,104.22697520174785,118.93697862452603,123.96441521669287,1.9910506946093132,2.4376786282746608,4.8535417260605405
2012,6,2012-06-01,24149,12,stagnation2,0,104.3865868428147,119.36136551591044,124.59725547103531,1.9940997600570889,2.446376670441291,4.878319131536238
2012,7,2012-07-01,24150,12,stagnation2,0,104.55886440935947,119.16965831007839,124.60244144953184,1.9973907830179936,2.442447526083098,4.8785221766034805
2012,8,2012-08-01,24151,12,stagnation2,0,104.66540719223804,118.9435758937525,124.4927780382047,1.9994260726485844,2.43781384292686,4.8742285578116045
2012,9,2012-09-01,24152,12,stagnation2,0,104.59848005113291,119.31024991260799,124.79670795379607,1.9981475616822282,2.445329028108496,4.886128235025764
2012,10,2012-10-01,24153,12,stagnation2,0,104.49368802436456,119.51237055968377,124.8828836431585,1.9961457167924312,2.4494716016580154,4.889502246054343
2012,11,2012-11-01,24154,12,stagnation2,0,104.45053236288629,119.53044734084003,124.85018858324685,1.9953213130371048,2.4498420952051205,4.8882221461382525
2012,12,2012-12-01,24155,12,stagnation2,0,104.5847605492493,119.4037030774363,124.87807695047337,1.9978854776708466,2.4472444019920534,4.8893140510511985
2013,1,2013-01-01,24156,12,stagnation2,0,104.53102726158205,119.4377837849484,124.84954232887384,1.996859009239556,2.447942904789917,4.888196843533795
2013,2,2013-02-01,24157,12,stagnation2,0,104.45113136475395,119.8265112112101,125.16014663502271,1.9953327557858018,2.455910086655314,4.900357841168095
2013,3,2013-03-01,24158,12,stagnation2,0,104.50695070985051,120.00839992553097,125.41711935785493,1.9963990742279518,2.4596379956433507,4.91041901743828
2013,4,2013-04-01,24159,12,stagnation2,0,104.69178401322728,120.33287818378857,125.9786369250718,1.9999299497653347,2.466288355562038,4.932403947046016
2013,5,2013-05-01,24160,12,stagnation2,0,104.65974536628133,120.18898620975769,125.78948692544732,1.99931791463592,2.463339210612067,4.92499821360181
2013,6,2013-06-01,24161,12,stagnation2,0,104.47649467273058,120.20958801733852,125.59076382104604,1.9958172717363671,2.4637614559610275,4.917217667245358
2013,7,2013-07-01,24162,12,stagnation2,0,104.3128481126522,120.49428321312251,125.69101863253347,1.9926911271228085,2.4695964401884813,4.92114291393766
2013,8,2013-08-01,24163,12,stagnation2,0,104.27568952286228,120.41261775359722,125.56108743509199,1.9919812855883237,2.4679226617920964,4.916055756569178
2013,9,2013-09-01,24164,12,stagnation2,0,104.18506763928806,120.52388084786224,125.56788678284025,1.9902501333229146,2.470203059950366,4.916321969400888
2013,10,2013-10-01,24165,12,stagnation2,0,103.89459831917195,120.41489202731803,125.10456838824666,1.9847012901327477,2.4679692742797195,4.89818180267094
2013,11,2013-11-01,24166,12,stagnation2,0,103.84817739648301,120.07028566002859,124.69080325269039,1.9838145100051916,2.460906377723714,4.88198177989262
2013,12,2013-12-01,24167,12,stagnation2,0,103.82050096139717,120.26010337358242,124.85464177914736,1.983285806325599,2.464796795901049,4.888396500787364
2014,1,2014-01-01,24168,12,stagnation2,0,103.95286806709746,120.01735030902772,124.76147782436976,1.9858144186856699,2.459821438663488,4.884748880290083
2014,2,2014-02-01,24169,12,stagnation2,0,103.94279651220418,119.63625031708104,124.3532642219148,1.9856220215032014,2.452010585248951,4.868766215029271
2014,3,2014-03-01,24170,12,stagnation2,0,103.69314979770053,119.3292240544582,123.73623105122299,1.9808530136397637,2.445717913555335,4.84460769957884
2014,4,2014-04-01,24171,12,stagnation2,0,103.59160139313273,119.18268606758535,123.46325308076175,1.9789131317516078,2.442714537120509,4.833919874628325
2014,5,2014-05-01,24172,12,stagnation2,0,103.33979511881262,119.43137589332395,123.42013915573993,1.9741028697592435,2.447811571535568,4.832231847998249
2014,6,2014-06-01,24173,12,stagnation2,0,103.1346600793292,119.27675267710362,123.015673427193,1.9701841696140883,2.4446424838895355,4.816395922125227
2014,7,2014-07-01,24174,12,stagnation2,0,103.15099863961977,118.94733851897189,122.6953675375686,1.9704962855682595,2.437890959994988,4.803855081290561
2014,8,2014-08-01,24175,12,stagnation2,0,102.92239640202666,119.14484034653472,122.62672487402224,1.9661292909100345,2.441938868304606,4.801167535585386
2014,9,2014-09-01,24176,12,stagnation2,0,102.77341349918369,118.95750197539628,122.25668539347362,1.963283266532792,2.438099265610295,4.786679490318581
2014,10,2014-10-01,24177,12,stagnation2,0,102.77640986008096,119.2937067805225,122.605789018033,1.9633405060951439,2.4449899675404887,4.8003478402684925
2014,11,2014-11-01,24178,12,recovery,0,102.78078995785667,119.50214381585789,122.82524743051269,1.9634241792200895,2.449261998932694,4.80894022994938
2014,12,2014-12-01,24179,12,recovery,0,102.68075560508629,119.54838136177815,122.75318129592395,1.9615132203039096,2.450209662803234,4.806118646104928
2015,1,2015-01-01,24180,12,recovery,0,102.455863098234,119.48237599888606,122.41669957993588,1.9572170927312353,2.44885684667881,4.79294447797168
2015,2,2015-02-01,24181,12,recovery,0,102.29360544425852,119.99391610422624,122.74610309677175,1.9541174804281032,2.4593411417795767,4.80584151548748
2015,3,2015-03-01,24182,12,recovery,0,102.13236320397522,120.45179934603091,123.02026919381173,1.9510372655998884,2.4687257100248825,4.816575858803089
2015,4,2015-04-01,24183,12,recovery,0,101.78907873031798,120.3967522572263,122.55074494385397,1.944479493119196,2.4675974897398243,4.798192716071494
2015,5,2015-05-01,24184,12,recovery,0,101.57884812117264,120.24095290968486,122.13937493557951,1.9404634521705189,2.4644042966371154,4.782086468996316
2015,6,2015-06-01,24185,12,recovery,0,101.37082036605756,120.2665683398966,121.9152069522584,1.9364894924012923,2.4649292989324763,4.773309686894824
2015,7,2015-07-01,24186,12,recovery,0,101.12784022538638,120.4630223207291,121.82165274317846,1.93184783627606,2.4689557310484855,4.769646786887395
2015,8,2015-08-01,24187,12,recovery,0,101.10921596537347,120.78447720528061,122.12423791013447,1.931492056538967,2.4755441252643795,4.781493813559855
2015,9,2015-09-01,24188,12,recovery,0,100.7739838115469,121.24664161785022,122.18507099601666,1.9250881077393422,2.485016438453254,4.783875593203135
2015,10,2015-10-01,24189,12,recovery,0,100.66915738741004,121.20738079166608,122.01844893431975,1.9230856057556942,2.4842117662812835,4.777351889384466
2015,11,2015-11-01,24190,12,recovery,0,100.42846316943067,121.4680942697969,121.98854031635231,1.918487617672776,2.489555232048553,4.776180886197624
2015,12,2015-12-01,24191,12,recovery,0,100.08034213167672,121.89025157291185,121.98818079933166,1.9118374521788004,2.4982075775804007,4.776166810135087
2016,1,2016-01-01,24192,12,recovery,0,99.90204158441978,122.19609393209457,122.07639257457777,1.9084313720562796,2.5044759845234967,4.779620539426178
2016,2,2016-02-01,24193,12,recovery,0,99.91225288684026,122.07598003541315,121.96886188707062,1.9086264388394978,2.5020141843139636,4.775410422533071
2016,3,2016-03-01,24194,12,recovery,0,99.87382735746085,122.42867489786846,122.27420340352417,1.9078923949241533,2.5092428590159144,4.7873653677342025
2016,4,2016-04-01,24195,12,recovery,0,99.98102512942425,122.5474681157578,122.52421489228898,1.909940196828748,2.511677591189051,4.797153992885972
2016,5,2016-05-01,24196,12,recovery,0,100.0067098681311,122.82455245799753,122.83279382350008,1.9104308530791492,2.5173565867976384,4.809235691620228
2016,6,2016-06-01,24197,12,recovery,0,100.24368849048031,122.8432949733566,123.14264994453347,1.9149578620393788,2.517740724932467,4.821367395786153
2016,7,2016-07-01,24198,12,recovery,0,100.40216013846832,122.94889614257981,123.44334759355209,1.9179851501688834,2.5199050788307518,4.833140521032531
2016,8,2016-08-01,24199,12,recovery,0,100.58982571768169,122.77199871752849,123.49613954007631,1.921570130747316,2.5162794690546217,4.835207468348076
2016,9,2016-09-01,24200,12,recovery,0,100.93276115772214,122.72343715688096,123.86815371010188,1.9281212356294926,2.515284173227242,4.849772828042217
2016,10,2016-10-01,24201,12,recovery,0,100.95229927537976,122.4119811231281,123.57770953234164,1.9284944728136115,2.5089007109440495,4.838401153893741
2016,11,2016-11-01,24202,12,recovery,0,100.81473582939024,122.64140123601211,123.64060467354815,1.9258665946260303,2.513602802022378,4.840863668573284
2016,12,2016-12-01,24203,12,recovery,0,100.8418727517914,122.38697124295372,123.41731380559091,1.9263849919803793,2.5083881197289215,4.832121227907677
2017,1,2017-01-01,24204,12,recovery,0,100.71440834386013,122.36140921311258,123.23556933019587,1.9239500359869017,2.507864211903452,4.82500544074191
2017,2,2017-02-01,24205,12,recovery,0,100.5800226962214,122.52042032726152,123.23106657266553,1.9213828633661991,2.511123231924826,4.8248291456211065
2017,3,2017-03-01,24206,12,recovery,0,100.41000817109068,122.40314088210901,122.90500376139727,1.918135071345947,2.5087195253544183,4.812062905752668
2017,4,2017-04-01,24207,12,recovery,0,100.19395683498836,122.78035497030531,123.01849586079317,1.914007836894548,2.5164507350397014,4.816506428025034
2017,5,2017-05-01,24208,12,recovery,0,99.96910795386246,122.70719927915346,122.66929251453807,1.9097125427052914,2.5149513690147707,4.802834173701352
2017,6,2017-06-01,24209,12,recovery,0,99.63204010319335,122.75381184212307,122.30212704274257,1.9032735265397915,2.51590671906548,4.788458653640912
2017,7,2017-07-01,24210,12,recovery,0,99.0657242755269,123.0231018013273,121.87372682570367,1.8924551801389589,2.5214259645175896,4.771685627888183
2017,8,2017-08-01,24211,12,recovery,0,98.43001007132334,122.89754446804264,120.96806539730345,1.8803111146952245,2.5188525980884875,4.736226536464726
2017,9,2017-09-01,24212,12,recovery,0,98.11235358857591,122.7750203349181,120.45746206944081,1.8742429144102484,2.5163413987607455,4.716235036864501
2017,10,2017-10-01,24213,12,recovery,0,97.70337619732523,123.34261202202552,120.50989623548689,1.86643020836795,2.527974501780926,4.718287976107839
2017,11,2017-11-01,24214,12,recovery,0,97.29985161392297,123.20213376736803,119.87549334083596,1.858721667459804,2.525095322882352,4.693449389042837
2017,12,2017-12-01,24215,12,recovery,0,96.77198582093209,123.34741573683604,119.36574366733713,1.8486378330996434,2.528072956551388,4.673491312316967
2018,1,2018-01-01,24216,12,recovery,0,96.58167232549299,123.35085050599766,119.13431424641136,1.8450022693067378,2.5281433540297433,4.6644302253176235
2018,2,2018-02-01,24217,12,recovery,0,96.32544121656692,123.34234341352652,118.81005649993257,1.8401074795805632,2.527968996502375,4.65173465861179
2018,3,2018-03-01,24218,12,recovery,0,96.1374388856155,123.54851978734452,118.77638270464091,1.836516066024673,2.5321946943965337,4.650416238561672
2018,4,2018-04-01,24219,12,recovery,0,96.05938727109672,123.55080499121358,118.68214624306735,1.8350250439451952,2.532241530903542,4.64672662652612
2018,5,2018-05-01,24220,12,recovery,0,96.06753589504703,123.46291493545196,118.60778012268669,1.8351807073264357,2.530440175992347,4.643814992024866
2018,6,2018-06-01,24221,12,recovery,0,95.90508591923813,123.80599020296671,118.73624127731874,1.8320774210941768,2.537471691818476,4.64884459324627
2018,7,2018-07-01,24222,12,recovery,0,96.36352113420972,123.5361286081694,119.0437633997178,1.8408349212656605,2.5319407303812747,4.660884915060732
2018,8,2018-08-01,24223,12,recovery,0,96.56702053362292,124.11496053319364,119.85411942338709,1.8447223757348126,2.5438042082441945,4.692612542436445
2018,9,2018-09-01,24224,12,recovery,0,96.60825641046068,123.90052451261384,119.69813641505166,1.845510105792811,2.539409224358234,4.686505386296604
2018,10,2018-10-01,24225,12,recovery,0,97.0315833164543,123.76266491831021,120.08887332487434,1.8535969309989913,2.536583716340265,4.701803791830331
2018,11,2018-11-01,24226,12,recovery,0,97.46916561343568,123.7385106666958,120.6068938893205,1.8619560773204407,2.53608866170189,4.722085696279297
2018,12,2018-12-01,24227,12,recovery,0,98.00759782734245,123.47794817782192,121.01777085557403,1.8722417623019343,2.530748290542277,4.7381726394274795
2019,1,2019-01-01,24228,12,recovery,0,98.32376285469402,123.50163245754231,121.43145221922974,1.8782814712745972,2.531233712848848,4.754369382309595
2019,2,2019-02-01,24229,12,recovery,0,98.62931222510443,123.35178006579216,121.66101229631427,1.8841183890688196,2.528162405867708,4.763357279447817
2019,3,2019-03-01,24230,12,recovery,0,98.84829098258832,123.50522994405118,122.0828090738105,1.8883015461291588,2.5313074453085047,4.779871762704301
2019,4,2019-04-01,24231,12,recovery,0,99.0572592602692,123.24413748391757,122.08226479052686,1.892293472726112,2.5259562120971704,4.77985045254345
2019,5,2019-05-01,24232,12,recovery,0,99.316937905033015,123.38988786792079,122.54705831487279,1.897254120821592,2.528943446179088,4.798048374588033
2019,6,2019-06-01,24233,12,recovery,0,99.77434335502937,123.05518792227673,122.77750571374904,1.905991949365215,2.522083587169579,4.8070710127713605
2019,7,2019-07-01,24234,12,recovery,0,100.0991322120071,122.75882866657852,122.88052220886973,1.9121963995858529,2.5160095416350314,4.811104386838159
2019,8,2019-08-01,24235,12,recovery,0,100.43718579015761,122.36213325966318,122.89708311880815,1.918654246129791,2.5078790516347342,4.811752791198936
2019,9,2019-09-01,24236,12,recovery,0,100.71757631885397,122.53792297670833,123.41722609360468,1.9240105538979297,2.511481958327565,4.832117793746476
2019,10,2019-10-01,24237,12,recovery,0,100.8921851339176,122.35233122492241,123.44394053511276,1.927346110761634,2.5076781535551165,4.8331637362963695
2019,11,2019-11-01,24238,12,recovery,0,100.9788120041401,121.82837657953313,123.02084735394263,1.9290009461801476,2.496939415645162,4.816598495334023
2019,12,2019-12-01,24239,12,recovery,0,101.14500858544943,121.82048385869727,123.21533885771538,1.9321758039174761,2.496777650001516,4.824213363094866
2020,1,2020-01-01,24240,12,recovery,0,101.37961130097709,121.81813429221855,123.49875103955344,1.9366574258661553,2.496729494347512,4.83530971560716
2020,2,2020-02-01,24241,12,covid_aftermath,0,101.29521666287049,122.29902861690154,123.88306601407639,1.9350452328374483,2.5065856873607806,4.850356685026057
2020,3,2020-03-01,24242,12,covid_aftermath,1,101.31090073774665,122.27128893074463,123.87414415939008,1.935344846139245,2.506017147274411,4.8500073703141044
2020,4,2020-04-01,24243,12,covid_aftermath,1,100.79123176284604,121.70023978896631,122.6631707416364,1.9254175958142696,2.494313181823917,4.802594489755247
2020,5,2020-05-01,24244,12,covid_aftermath,1,100.81300008502674,121.9483899928171,122.93983050714743,1.9258334366550354,2.499399156392337,4.8134264669277504
2020,6,2020-06-01,24245,12,covid_aftermath,1,100.8139680869405,121.70297051509412,122.69359385594561,1.9258519284214812,2.494369149554041,4.8037856368637
2020,7,2020-07-01,24246,12,covid_aftermath,1,100.71928442609197,121.81809679710192,122.69431539552512,1.9240431839161773,2.496728725864526,4.8038138870873635
2020,8,2020-08-01,24247,12,covid_aftermath,1,100.71880119966916,121.96117494193786,122.83783333055112,1.9240339528288992,2.499661190938663,4.80943300193471
2020,9,2020-09-01,24248,12,covid_aftermath,1,100.39534638572061,122.16929942697733,122.65229133672207,1.9178549868679244,2.5039268164410813,4.802168531663853
2020,10,2020-10-01,24249,12,covid_aftermath,1,100.2674947142041,122.29998069263925,122.6271266764647,1.9154126329678214,2.506605200675354,4.801183267236414
2020,11,2020-11-01,24250,12,covid_aftermath,1,99.99738571965707,122.45469153502961,122.45149022609984,1.9102527336214952,2.5097760842678145,4.794306625750445
2020,12,2020-12-01,24251,12,covid_aftermath,1,99.62050248614362,122.58625870384594,122.12104689973533,1.9030531231327417,2.5124726255732623,4.781368876882717
2021,1,2021-01-01,24252,12,covid_aftermath,1,99.15907516643964,122.65176836007578,121.62035918113499,1.8942384647045374,2.5138152819176884,4.761765600170566
2021,2,2021-02-01,24253,12,covid_aftermath,1,99.17876795590527,122.5459577936673,121.53957111952292,1.8946146565883413,2.5116466363092114,4.758602529322239
2021,3,2021-03-01,24254,12,covid_aftermath,1,99.36873806877612,121.85279090642717,121.08358062530107,1.8982436607348627,2.497439800669076,4.740749269687012
2021,4,2021-04-01,24255,12,covid_aftermath,1,99.65182586212337,122.39275406918117,121.96661415287734,1.9036514944217604,2.508506641925035,4.775322417667504
2021,5,2021-05-01,24256,12,covid_aftermath,1,99.321399508752,122.06010978162467,121.2318092770287,1.8973393509567518,2.5016889147558086,4.7465528218184865
2021,6,2021-06-01,24257,12,covid_aftermath,1,98.71214518799353,122.36962733384328,120.79368419979,1.8857007493740827,2.5080326467964644,4.729399041518757
2021,7,2021-07-01,24258,12,covid_aftermath,1,98.11541528729937,122.16096311555492,119.85873627979132,1.8743014021228412,2.5037559591650007,4.69279330483638
2021,8,2021-08-01,24259,12,covid_aftermath,1,97.52413284482009,121.85566835297797,118.83868388350163,1.8630061178115598,2.4974987755147633,4.652855498010883
2021,9,2021-09-01,24260,12,covid_aftermath,1,97.25321588127032,121.75608690309114,118.41171004445034,1.8578307838117665,2.495457799066824,4.636138318809503
2021,10,2021-10-01,24261,12,covid_aftermath,1,96.78750836417805,121.29086152334472,117.39440274189087,1.8489343606583886,2.485922749676348,4.596307989818982
2021,11,2021-11-01,24262,12,covid_aftermath,1,96.58488652137287,121.23860171309822,117.0981658846951,1.845063670176588,2.4848516561944987,4.584709516622595
2021,12,2021-12-01,24263,12,covid_aftermath,1,96.29256793840484,121.06543002001081,116.57701145194089,1.8394795004687068,2.4813024073389855,4.564304912763717
2022,1,2022-01-01,24264,12,covid_aftermath,0,96.03073993146131,120.95314034530631,116.15219564393651,1.8344777930500273,2.4790009688514045,4.547672226307404
2022,2,2022-02-01,24265,12,covid_aftermath,0,95.48134642951453,120.90185058546446,115.43871479720137,1.8239827142899692,2.477949757084789,4.519737523801683
2022,3,2022-03-01,24266,12,covid_aftermath,0,94.9936022964833,121.2332845428885,115.16386416963549,1.814665325072987,2.4847426778739377,4.508976379266834
2022,4,2022-04-01,24267,12,covid_aftermath,0,94.93881405351341,121.24770110551364,115.11112949672332,1.8136187038023373,2.4850381532341737,4.506911674367916
2022,5,2022-05-01,24268,12,covid_aftermath,0,94.76870904695599,121.59160570184163,115.23079503310024,1.8103691833129716,2.4920866666093175,4.511596903374656
2022,6,2022-06-01,24269,12,covid_aftermath,0,94.6675010198541,121.77819891765058,115.28437770232681,1.8084358036646493,2.4959109969363427,4.513694809620011
2022,7,2022-07-01,24270,12,covid_aftermath,0,94.64119648867108,122.35581276815732,115.79900517722228,1.8079333075020012,2.507749509693765,4.533843865447171
2022,8,2022-08-01,24271,12,covid_aftermath,0,94.53914976424883,122.55188563815905,115.85951070237013,1.8059839061963388,2.511768130734212,4.536212820202848
2022,9,2022-09-01,24272,12,covid_aftermath,0,94.34424593052788,122.41754916949604,115.49391365059424,1.802260653048476,2.5090148311091096,4.5218987080230155
2022,10,2022-10-01,24273,12,covid_aftermath,0,94.64417590007534,123.03120676928641,116.44187174670883,1.8079902232777345,2.52159208028247,4.55901382824527
2022,11,2022-11-01,24274,12,covid_aftermath,0,94.48995847878673,123.29244991032358,116.49898472774369,1.8050442037546393,2.52694640178159,4.5612499557345005
2022,12,2022-12-01,24275,12,covid_aftermath,0,94.38844078327152,123.30491997418476,116.38559137269372,1.8031049085023358,2.5272019825817678,4.55681029957002
2023,1,2023-01-01,24276,12,covid_aftermath,0,94.5617927416126,124.06548510174763,117.31854688579084,1.8064164555984574,2.5427901821334307,4.593338028140027
2023,2,2023-02-01,24277,12,covid_aftermath,0,94.54118474818756,124.36217888008645,117.57347729189404,1.8060227805489415,2.548871083893024,4.603319242193274
2023,3,2023-03-01,24278,12,covid_aftermath,0,94.1333131368942,124.90542589557454,117.57761568325253,1.7982311982507397,2.56000522951236,4.6034812713941715
2023,4,2023-04-01,24279,12,covid_aftermath,0,93.79341736219966,125.4791035895675,117.6911393321099,1.791738160176955,2.571763068582573,4.60792602891318
2023,5,2023-05-01,24280,12,covid_aftermath,0,93.64310514434186,125.63233929711568,117.64602358329438,1.7888667418594348,2.574903718477153,4.6061596254739685
2023,6,2023-06-01,24281,12,covid_aftermath,0,93.40563641887697,125.45519450582354,117.18222284870446,1.7843303704462794,2.571273038794207,4.5880005738301985
2023,7,2023-07-01,24282,12,covid_aftermath,0,93.05787243986187,125.829060111631,117.09384625095866,1.7776870258549409,2.5789356194958817,4.584540391293003
2023,8,2023-08-01,24283,12,covid_aftermath,0,93.09508432886673,126.51160564300085,117.77608595915497,1.7783978855657543,2.5929247646203533,4.611251918831917
2023,9,2023-09-01,24284,12,covid_aftermath,0,92.96311964889108,127.33655894847911,118.37603765205537,1.7758769607550626,2.609832635203121,4.634741648283895
2023,10,2023-10-01,24285,12,covid_aftermath,0,92.57360799480453,127.21528404151427,117.76777835806853,1.7684361092103809,2.607347039450874,4.6109266538077085
2023,11,2023-11-01,24286,12,covid_aftermath,0,92.30929890889296,127.62648614062908,117.81111457847014,1.763387005673824,2.61577485206648,4.6126233839024
2023,12,2023-12-01,24287,12,covid_aftermath,0,92.33789206925435,127.45462733001108,117.68891622125601,1.763933221580871,2.612252511457453,4.607838988117867
2024,1,2024-01-01,24288,12,covid_aftermath,0,91.78308508850198,127.69334076487046,117.20088760657183,1.7533347289904175,2.617145074268181,4.588731349520607
2024,2,2024-02-01,24289,12,covid_aftermath,0,91.66267894091526,127.72192106515325,117.07333444312064,1.7510346071330603,2.61773084320224,4.583737298606729
2024,3,2024-03-01,24290,12,covid_aftermath,0,91.77804322720947,127.34505134393503,116.87479627014878,1.7532384141793127,2.6100066915070994,4.575963992815302
2024,4,2024-04-01,24291,12,covid_aftermath,0,91.41716850568254,127.72496557334746,116.76254700201206,1.7463446147231516,2.6177932420679624,4.571569130744045
2024,5,2024-05-01,24292,12,covid_aftermath,0,91.21083875139746,127.46937985708215,116.26589051884952,1.7424030919091902,2.6125548725933254,4.552123687789031
2024,6,2024-06-01,24293,12,covid_aftermath,0,91.52208617086508,128.18596436479982,117.3184687649065,1.748348859686935,2.6272416652125545,4.593334969496374
2024,7,2024-07-01,24294,12,covid_aftermath,0,91.53560102808908,127.86251804077894,117.03972437827584,1.7486070343659115,2.6206124553521897,4.582421373775762
2024,8,2024-08-01,24295,12,covid_aftermath,0,91.17080600666768,127.96493450076169,116.66666219024877,1.7416383453160258,2.622711536887392,4.567814981345808
2024,9,2024-09-01,24296,12,covid_aftermath,0,91.30695467788232,128.09409828747982,116.95882026839124,1.7442391970232478,2.6253588195581905,4.5792537593240805
2024,10,2024-10-01,24297,12,covid_aftermath,0,90.86111904435046,128.81089921625409,117.03902447897893,1.7357223869929563,2.640050047845708,4.582393970827621
2024,11,2024-11-01,24298,12,covid_aftermath,0,91.0827510090927,128.53796466703463,117.07591430983075,1.7399562283425065,2.634456104521736,4.583838307357532
2024,12,2024-12-01,24299,12,covid_aftermath,0,90.83932396184584,129.2825462133501,117.43939098086814,1.735306034949007,2.6497167118067995,4.598069400903578
2025,1,2025-01-01,24300,12,covid_aftermath,0,90.8673325233674,128.44402617214254,116.71366036824182,1.7358410832487834,2.632530783532259,4.569655086972405
2025,2,2025-02-01,24301,12,covid_aftermath,0,90.49826646367563,128.15072292204715,115.97418270512087,1.7287908044405993,2.6265193725091307,4.540702538878878
2025,3,2025-03-01,24302,12,covid_aftermath,0,90.46814092720993,128.28869083320973,116.06039361666079,1.7282153155118511,2.6293471005405484,4.544077928950855
2025,4,2025-04-01,24303,12,covid_aftermath,0,90.61212357328803,127.82245714531273,115.8226428229239,1.7309658198503928,2.6197913853213475,4.534769343129763
2025,5,2025-05-01,24304,12,covid_aftermath,0,90.51099591604901,128.06802915976257,115.91564864255716,1.7290339755097102,2.6248245184835457,4.538410772208966
2025,6,2025-06-01,24305,12,covid_aftermath,0,90.07477345332111,127.27916314463977,114.64641785581729,1.720700806138371,2.608656276714871,4.4887169582812
2025,7,2025-07-01,24306,12,covid_aftermath,0,90.31544819218176,127.0297541853787,114.72749182995155,1.7252984221111634,2.6035445032637368,4.4918912233771175
2025,8,2025-08-01,24307,12,covid_aftermath,0,90.48515756742556,126.60927032289584,114.56259774664005,1.7285403848449643,2.594926455815729,4.485435174580099
2025,9,2025-09-01,24308,12,covid_aftermath,0,90.16388256919613,126.64683026325268,114.18969931616829,1.7224030599619664,2.5956962673995276,4.4708351937008
2025,10,2025-10-01,24309,11,covid_aftermath,0,90.37976263102722,126.18902504265188,114.04934129995624,1.7265270225563818,2.5863132982415986,4.465339798211042
2025,11,2025-11-01,24310,11,covid_aftermath,0,90.21412381549452,126.03801904197671,113.70409455312544,1.7233628198336004,2.583218347412646,4.451822455442952
2025,12,2025-12-01,24311,11,covid_aftermath,0,89.91539226983836,126.29673686706386,113.56020637802604,1.7176561431279869,2.588520911175928,4.446188844696587
2026,1,2026-01-01,24312,11,covid_aftermath,0,89.97812477702134,126.60872498395051,113.92015654465482,1.7188545238903516,2.59491527879486,4.460281866068739
2026,2,2026-02-01,24313,11,covid_aftermath,0,90.45734316727172,126.45893970228138,114.39139705218587,1.7280090456149881,2.5918453472716485,4.4787322049205285
2026,3,2026-03-01,24314,11,covid_aftermath,0,90.45811220275556,126.0990821668891,114.06684923316945,1.728023736520402,2.5844698696582595,4.4660252810912615
2026,4,2026-04-01,24315,11,covid_aftermath,0,90.49171907470476,125.93629050422072,113.96191421618352,1.7286657294939927,2.5811333652208903,4.461916791710855
2026,5,2026-05-01,24316,11,covid_aftermath,0,90.81542492476397,126.28352436510272,114.68491926213586,1.7348494910045031,2.5882501136995737,4.490224392344053
2026,6,2026-06-01,24317,11,covid_aftermath,0,91.10234443647639,126.63571931347863,115.36810918857475,1.7403305221098018,2.595468542388204,4.516973123494029
2026,7,2026-07-01,24318,11,covid_aftermath,0,90.96277487913406,127.20916622946804,115.71298750293445,1.7376643211233982,2.6072216515366247,4.530476041135614
2026,8,2026-08-01,24319,11,covid_aftermath,0,90.96347011238299,127.04292890144936,115.56265666116589,1.737677602182745,2.6038145262975356,4.524590182585302
